-- phpMyAdmin SQL Dump
-- version 5.2.1
-- https://www.phpmyadmin.net/
--
-- Host: 127.0.0.1
-- Generation Time: Mar 23, 2025 at 05:00 AM
-- Server version: 10.4.32-MariaDB
-- PHP Version: 8.0.30

SET SQL_MODE = "NO_AUTO_VALUE_ON_ZERO";
START TRANSACTION;
SET time_zone = "+00:00";


/*!40101 SET @OLD_CHARACTER_SET_CLIENT=@@CHARACTER_SET_CLIENT */;
/*!40101 SET @OLD_CHARACTER_SET_RESULTS=@@CHARACTER_SET_RESULTS */;
/*!40101 SET @OLD_COLLATION_CONNECTION=@@COLLATION_CONNECTION */;
/*!40101 SET NAMES utf8mb4 */;

--
-- Database: `van_shelter`
--

-- --------------------------------------------------------

--
-- Table structure for table `animaltype`
--

CREATE TABLE `animaltype` (
  `type_id` int(11) NOT NULL,
  `type_name` varchar(50) NOT NULL
) ENGINE=InnoDB DEFAULT CHARSET=utf8mb4 COLLATE=utf8mb4_general_ci;

--
-- Dumping data for table `animaltype`
--

INSERT INTO `animaltype` (`type_id`, `type_name`) VALUES
(3, 'Bird'),
(2, 'Cat'),
(1, 'Dog');

-- --------------------------------------------------------

--
-- Table structure for table `breeds`
--

CREATE TABLE `breeds` (
  `breed_id` int(11) NOT NULL,
  `breed_name` varchar(100) NOT NULL,
  `type_id` int(11) DEFAULT NULL
) ENGINE=InnoDB DEFAULT CHARSET=utf8mb4 COLLATE=utf8mb4_general_ci;

--
-- Dumping data for table `breeds`
--

INSERT INTO `breeds` (`breed_id`, `breed_name`, `type_id`) VALUES
(92, 'Lab X', 1),
(93, 'Pit Bull', 1),
(94, 'Lab', 1),
(95, 'Chihuahua', 1),
(96, 'Labrador', 1),
(97, 'Shih Tzu', 1),
(98, 'Rottweiler', 1),
(99, 'Husky', 1),
(100, 'Shep X', 1),
(101, 'Pitbull', 1),
(102, 'Husky X', 1),
(103, 'Shepherd X', 1),
(104, 'Terrier X', 1),
(105, 'Pomeranian', 1),
(106, 'German Shepherd', 1),
(107, 'Border Collie', 1),
(108, 'Golden Retriever', 1),
(109, 'Germ. Shepherd', 1),
(110, 'Shepherd', 1),
(111, 'Beagle', 1),
(112, 'Border Collie X', 1),
(113, 'Pug', 1),
(114, 'Shep', 1),
(115, 'Retriever', 1),
(116, 'Maltese', 1),
(117, 'Pit X', 1),
(118, 'Jack Russell Terrier', 1),
(119, 'Shiba Inu', 1),
(120, 'Collie X', 1),
(121, 'Poodle X', 1),
(122, 'Cocker Spaniel', 1),
(123, 'Pitbull X', 1),
(124, 'French Bulldog', 1),
(125, 'Maltipoo', 1),
(126, 'Yorkshire Terrier', 1),
(127, 'Boxer', 1),
(128, 'Rottweiler X', 1),
(129, 'Shih Tzu X', 1),
(130, 'Bichon Frise', 1),
(131, 'Boston Terrier', 1),
(132, 'Yorkie X', 1),
(133, 'Miniature Poodle', 1),
(134, 'Chihuahua X', 1),
(135, 'Samoyed', 1),
(136, 'Siberian Husky', 1),
(137, 'Sheltie', 1),
(138, 'Chow', 1),
(139, 'Malamute', 1),
(140, 'Pit Bull X', 1),
(141, 'Rotty', 1),
(142, 'Schnauzer', 1),
(143, 'Toy Poodle', 1),
(144, 'Akita', 1),
(145, 'Lhasa Apso', 1),
(146, 'Labrador X', 1),
(147, 'Shep X Lab', 1),
(148, 'Poodle', 1),
(149, 'Shep X Husky', 1),
(150, 'Dachshund', 1),
(151, 'Rott', 1),
(152, 'Mastiff X', 1),
(153, 'Rotty X', 1),
(154, 'Terrier', 1),
(155, 'Pekingese', 1),
(156, 'Chow X', 1),
(157, 'Collie', 1),
(158, 'Maltese X', 1),
(159, 'Min Pin', 1),
(160, 'Miniature Pinscher', 1),
(161, 'Doberman', 1),
(162, 'Labradoodle', 1),
(163, 'Malamute X', 1),
(164, 'American Eskimo', 1),
(165, 'Cockapoo', 1),
(166, 'Labrador Retriever', 1),
(167, 'Rottweiller', 1),
(168, 'German Shepherd X', 1),
(169, 'Lab X Shep', 1),
(170, 'Golden Retreiver', 1),
(171, 'Retriever X', 1),
(172, 'Jack Russell', 1),
(173, 'Yorkie', 1),
(174, 'Pom', 1),
(175, 'Chow Chow', 1),
(176, 'Rottie X', 1),
(177, 'Spaniel X', 1),
(178, 'Akita X', 1),
(179, 'Beagle X', 1),
(180, 'Standard Poodle', 1),
(181, 'Lab X Pit', 1),
(182, 'Cat - DSH', 2),
(183, 'Cat - DMH', 2),
(184, 'Bird, Budgie', 3),
(185, 'Bird, Pigeon', 3);

-- --------------------------------------------------------

--
-- Table structure for table `pets`
--

CREATE TABLE `pets` (
  `animal_id` int(11) NOT NULL,
  `breed` varchar(100) DEFAULT NULL,
  `sex` varchar(10) DEFAULT NULL,
  `date_impounded` date DEFAULT NULL,
  `name` varchar(100) DEFAULT NULL,
  `kennel_number` varchar(20) DEFAULT NULL,
  `color` varchar(100) DEFAULT NULL,
  `age_category` varchar(50) DEFAULT NULL,
  `source` varchar(100) DEFAULT NULL,
  `status` varchar(100) DEFAULT NULL,
  `animal_type` varchar(50) DEFAULT NULL,
  `breed_id` int(11) DEFAULT NULL,
  `source_id` int(11) DEFAULT NULL,
  `status_id` int(11) DEFAULT NULL
) ENGINE=InnoDB DEFAULT CHARSET=utf8mb4 COLLATE=utf8mb4_general_ci;

--
-- Dumping data for table `pets`
--

INSERT INTO `pets` (`animal_id`, `breed`, `sex`, `date_impounded`, `name`, `kennel_number`, `color`, `age_category`, `source`, `status`, `animal_type`, `breed_id`, `source_id`, `status_id`) VALUES
(26981, 'Cat - DSH', 'F', '2016-02-06', 'Zoey', '100', 'Black', 'Adult', 'POLICE-DAY', 'Transferred', 'Cat', 182, 26, 5),
(27331, 'Cat - DSH', 'M', '2016-06-15', 'Charlie/KC', '200', 'Grey', 'Adult', 'POLICE-EMERGENCY', 'Redeemed', 'Cat', 182, 27, 1),
(27643, 'Cat - DSH', 'F', '2016-09-29', 'Hootie', '200', 'Black', 'Adult', 'POLICE-DAY', 'Redeemed', 'Cat', 182, 26, 1),
(27753, 'Cat - DSH', 'M/N', '2016-11-17', 'Onyx', '200', 'Black/White', 'Adult', 'POLICE-DAY', 'Redeemed', 'Cat', 182, 26, 1),
(27792, 'Cat - DSH', 'F', '2016-11-29', 'Misty', '100', 'Black/White', 'Adult', 'POLICE-DAY', 'Transferred', 'Cat', 182, 26, 5),
(27810, 'Cat - DSH', 'F', '2016-12-06', 'De\'Monica', '200', 'Black', 'Adult', 'POLICE-NIGHT', 'Redeemed', 'Cat', 182, 28, 1),
(27826, 'Cat - DSH', 'M/N', '2016-12-11', 'Tiga', '200', 'Orange', 'Adult', 'POLICE-NIGHT', 'Redeemed', 'Cat', 182, 28, 1),
(27924, 'Cat - DMH', 'F/S', '2017-02-07', 'Smokey', '100', 'Grey', 'Young Adult', 'POLICE-NIGHT', 'Transferred', 'Cat', 183, 28, 5),
(28097, 'Cat - DSH', 'F/S', '2017-04-25', 'Princess Gertie', '100', 'Grey', 'Adult', 'POLICE-EMERGENCY', 'Transferred', 'Cat', 182, 27, 5),
(28458, 'Cat - DSH', 'F', '2017-08-26', 'Betty', '100', 'Black', 'Adult', 'BROUGHT-IN', 'Transferred', 'Cat', 182, 2, 5),
(28602, 'Cat - DSH', 'F/S', '2017-10-10', 'Snowball', '100', 'White', 'Senior', 'POLICE-DAY', 'Transferred', 'Cat', 182, 26, 5),
(28793, 'Cat - DSH', 'M', '2017-12-20', 'Max', '200', 'Brown Tabby', 'Adult', 'POLICE-EMERGENCY', 'Redeemed', 'Cat', 182, 27, 1),
(28794, 'Cat - DSH', 'F', '2017-12-20', 'Lady Maude', '200', 'Grey & White', 'Adult', 'OTHER', 'Redeemed', 'Cat', 182, 8, 1),
(28797, 'Cat - DSH', 'F/S', '2017-12-20', 'Blackie', '100', 'Black', 'Senior', 'POLICE-EMERGENCY', 'Transferred', 'Cat', 182, 27, 5),
(28846, 'Cat - DSH', 'F/S', '2018-01-13', 'KiKi', '100', 'Grey & White', 'Adult', 'POLICE-EMERGENCY', 'Transferred', 'Cat', 182, 27, 5),
(28847, 'Cat - DSH', 'M', '2018-01-13', 'Monkey (new name)', '100', 'Black, Grey & White', 'Young Adult', 'POLICE-EMERGENCY', 'Transferred', 'Cat', 182, 27, 5),
(28852, 'Cat - DSH', 'M/N', '2018-01-17', 'Mr Benster', '200', 'Black', 'Adult', 'HOLDING STRAY', 'Redeemed', 'Cat', 182, 1, 1),
(28990, 'Cat - DSH', 'F/S', '2018-03-17', 'Madison', '100', 'Grey, white, tan', 'Adult', 'POLICE-DAY', 'Transferred', 'Cat', 182, 26, 5),
(29094, 'Cat - DSH', 'F/S', '2018-04-24', 'Tigger #14', '100', 'Black', 'Senior', 'POLICE-DAY', 'Transferred', 'Cat', 182, 26, 5),
(29126, 'Cat - DSH', 'F', '2018-05-03', 'Kona', '100', 'Black', 'Young Adult', 'POLICE-DAY', 'Transferred', 'Cat', 182, 26, 5),
(29127, 'Cat - DSH', 'F', '2018-05-03', 'Luna', '100', 'Black w/ white paws & chest', 'Adult', 'POLICE-DAY', 'Transferred', 'Cat', 182, 26, 5),
(30151, 'Cat - DSH', 'M', '2019-08-26', '', '200', 'Black', 'Adult', 'POLICE-DAY', 'Redeemed', 'Cat', 182, 26, 1),
(31967, 'Bird, Pigeon', 'X', '2021-02-27', '', '100', 'White w/ dk tail feathers', 'Adult', 'BROUGHT-IN', 'Health', 'Bird', 185, 2, 9),
(32997, 'Bird, Pigeon', 'X', '2021-03-15', '', '100', 'grey/black/brown', 'Adult', 'HOLDING STRAY', 'Transferred', 'Bird', 185, 1, 5),
(33001, 'Bird, Pigeon', 'X', '2021-03-17', '', '100', 'Brown/black/white', 'Adult', 'HOLDING STRAY', 'Transferred', 'Bird', 185, 1, 5),
(33002, 'Cat - DSH', 'M', '2021-03-17', 'Oscar', '200', 'Black', 'Adult', 'POLICE-DAY', 'Redeemed', 'Cat', 182, 26, 1),
(33003, 'Cat - DMH', 'M', '2021-03-17', 'BPJ (Big Production Jr.)', '200', 'Black & White', 'Puppy', 'POLICE-DAY', 'Redeemed', 'Cat', 183, 26, 1),
(33073, 'Bird, Budgie', 'F', '2021-05-11', '', '100', 'Yellow', 'Adult', 'BROUGHT-IN', 'Transferred', 'Bird', 184, 2, 5),
(33080, 'Bird, Budgie', 'X', '2021-05-15', '', '100', 'Blue, white w/black', 'Adult', 'HOLDING STRAY', 'Transferred', 'Bird', 184, 1, 5),
(33122, 'Bird, Budgie', 'F', '2021-06-14', '', '100', 'White w/black striped head', 'Adult', 'BROUGHT-IN', 'Transferred', 'Bird', 184, 2, 5),
(33138, 'Bird, Budgie', 'M', '2021-06-24', '', '100', 'White & Blue', 'Adult', 'BROUGHT-IN', 'Transferred', 'Bird', 184, 2, 5),
(33165, 'Bird, Budgie', 'X', '2021-07-07', 'Blueberry', '200', 'Blue/White/Black', 'Adult', 'HOLDING STRAY', 'Redeemed', 'Bird', 184, 1, 1),
(33174, 'Bird, Pigeon', 'X', '2021-07-15', '', 'Bunny lane', 'White', 'Adult', 'HOLDING STRAY', 'Released ( Wildlife)', 'Bird', 185, 1, 15),
(33221, 'Bird, Pigeon', 'X', '2021-08-05', 'Andrew aka Pudgie', '200', 'Black/Grey', 'Adult', 'HOLDING STRAY', 'Redeemed', 'Bird', 185, 1, 1),
(33224, 'Bird, Budgie', 'F', '2021-08-06', 'Miracle (new name)', '200', 'Blue, Black w/white', 'Young Adult', 'BROUGHT-IN', 'Sold', 'Bird', 184, 2, 3),
(33226, 'Bird, Budgie', 'X', '2021-08-08', 'Destiny (new name)', '200', 'Blue & White', 'Adult', 'BROUGHT-IN', 'Sold', 'Bird', 184, 2, 3),
(33247, 'Bird, Budgie', 'M', '2021-08-17', 'Phenomenon (New Name)', '200', 'Green/yellow', 'Adult', 'HOLDING STRAY', 'Sold', 'Bird', 184, 1, 3),
(33282, 'Bird, Budgie', 'X', '2021-09-15', 'Trodcho', '200', 'Yellow & Green', 'Adult', 'BROUGHT-IN', 'Redeemed', 'Bird', 184, 2, 1),
(33362, 'Bird, Budgie', 'F', '2021-11-17', '', '100', 'Yellow w/white on cheeks', 'Adult', 'BROUGHT-IN', 'Transferred', 'Bird', 184, 2, 5),
(33399, 'Bird, Pigeon', 'X', '2021-12-15', 'Alona (new name)', 'ISO', 'Grey, lt and dark', 'Adult', 'BROUGHT-IN', 'Released ( Wildlife)', 'Bird', 185, 2, 15),
(33410, 'Bird, Budgie', 'F', '2022-01-16', '', '200', 'Yellow/Green', 'Young Adult', 'HOLDING STRAY', 'Sold', 'Bird', 184, 1, 3),
(33449, 'Cat - DSH', 'M', '2022-02-14', 'Milo', '100', 'Black/White', 'Puppy', 'HOLDING STRAY', 'Transferred', 'Cat', 182, 1, 5),
(33477, 'Bird, Pigeon', 'X', '2022-03-01', '', 'ISO', 'Black & white', 'Adult', 'HOLDING STRAY', 'Released ( Wildlife)', 'Bird', 185, 1, 15),
(33497, 'Bird, Budgie', 'F', '2022-03-17', 'Midge (new name)', '200', 'Yellow', 'Adult', 'BROUGHT-IN', 'Sold', 'Bird', 184, 2, 3),
(33564, 'Bird, Budgie', 'F', '2022-05-01', 'TnT (new name)', '200', 'Green / Yellow', 'Adult', 'HOLDING STRAY', 'Sold', 'Bird', 184, 1, 3),
(33578, 'Bird, Budgie', 'M', '2022-05-10', '', '100', 'Blue & white', 'Adult', 'HOLDING STRAY', 'Health', 'Bird', 184, 1, 9),
(33580, 'Bird, Pigeon', 'X', '2022-05-12', '', 'Bunny Lane', 'White/black', 'Adult', 'HOLDING STRAY', 'Released ( Wildlife)', 'Bird', 185, 1, 15),
(33581, 'Bird, Budgie', 'M', '2022-05-12', 'Little Elvis (new name)', '100', 'Blue w/black', 'Adult', 'HOLDING STRAY', 'Transferred', 'Bird', 184, 1, 5),
(33590, 'Bird, Budgie', 'F', '2022-05-18', 'Meryl Cheep (new name)', '100', 'Yellow & green', 'Adult', 'HOLDING STRAY', 'Transferred', 'Bird', 184, 1, 5),
(33603, 'Bird, Budgie', 'M', '2022-05-27', '', '100', 'Blue, Black & White', 'Adult', 'BROUGHT-IN', 'Health', 'Bird', 184, 2, 9),
(33621, 'Bird, Pigeon', 'X', '2022-05-10', 'Ajax - new name', '100', 'Grey, black & white', 'Young Adult', 'BROUGHT-IN', 'Released ( Wildlife)', 'Bird', 185, 2, 15),
(33622, 'Bird, Pigeon', 'X', '2022-06-01', '', '200', 'Grey, Black & White', 'Young Adult', 'BROUGHT-IN', 'Redeemed', 'Bird', 185, 2, 1),
(33646, 'Bird, Pigeon', 'X', '2022-06-20', '', '100', 'Brown & white', 'Adult', 'BROUGHT-IN', 'Health', 'Bird', 185, 2, 9),
(33661, 'Bird, Budgie', 'F', '2022-06-28', 'Pineapple (new name)', '200', 'Yellow', 'Adult', 'HOLDING STRAY', 'Sold', 'Bird', 184, 1, 3),
(33677, 'Bird, Budgie', 'F', '2022-07-08', '', '200', 'Green & Yellow', 'Adult', 'HOLDING STRAY', 'Redeemed', 'Bird', 184, 1, 1),
(33678, 'Bird, Budgie', 'F', '2022-07-08', '', '200', 'Blue w/Black', 'Adult', 'HOLDING STRAY', 'Redeemed', 'Bird', 184, 1, 1),
(33680, 'Bird, Budgie', 'F', '2022-07-10', 'Mango (new name)', '100', 'Green & Yellow', 'Adult', 'HOLDING STRAY', 'Transferred', 'Bird', 184, 1, 5),
(33718, 'Bird, Budgie', 'X', '2022-08-04', 'Blueberry (new name)', '100', 'Blue/black/white', 'Adult', 'HOLDING STRAY', 'Transferred', 'Bird', 184, 1, 5),
(33743, 'Bird, Budgie', 'F', '2022-08-15', 'Limoncello (new name)', '200', 'Yellow', 'Young Adult', 'HOLDING STRAY', 'Sold', 'Bird', 184, 1, 3),
(33751, 'Cat - DSH', 'M', '2022-08-22', 'Patches', '200', 'Black & white', 'Young Adult', 'HOLDING STRAY', 'Redeemed', 'Cat', 182, 1, 1),
(33825, 'Bird, Pigeon', 'X', '2022-10-01', '', 'ISO', 'White', 'Adult', 'BROUGHT-IN', 'Released ( Wildlife)', 'Bird', 185, 2, 15),
(33827, 'Bird, Pigeon', 'X', '2022-10-02', '', 'ISO', 'White with Red tips', 'Adult', 'BROUGHT-IN', 'Released ( Wildlife)', 'Bird', 185, 2, 15),
(33862, 'Bird, Budgie', 'F', '2022-10-24', 'Paula (new name)', '100', 'Yellow w/ Green', 'Adult', 'BROUGHT-IN', 'Transferred', 'Bird', 184, 2, 5),
(33881, 'Bird, Budgie', 'F', '2022-11-10', 'Gloria (new name)', '100', 'White & Blue', 'Adult', 'BROUGHT-IN', 'Transferred', 'Bird', 184, 2, 5),
(33937, 'Cat - DSH', 'M/N', '2022-12-18', 'Cocoa', '200', 'Black', 'Adult', 'BROUGHT-IN', 'Redeemed', 'Cat', 182, 2, 1),
(33938, 'Cat - DSH', 'M/N', '2022-12-18', 'Buttercup', '200', 'Black', 'Adult', 'BROUGHT-IN', 'Redeemed', 'Cat', 182, 2, 1),
(33957, 'Terrier X', 'M', '2023-01-03', 'Jackson', '200', 'Brown', 'Young Adult', 'HOLDING STRAY', 'Redeemed', 'Dog', 104, 1, 1),
(33958, 'Pomeranian', 'M', '2023-01-04', 'Fin', '200', 'White w/ Grey', 'Puppy', 'BROUGHT-IN', 'Redeemed', 'Dog', 105, 2, 1),
(33961, 'Lab X', 'M', '2023-01-11', 'Deka', '400', 'Golden', 'Adult', 'BROUGHT-IN', 'Ride Home Free', 'Dog', 92, 2, 2),
(33963, 'Shih Tzu X', 'F', '2023-01-11', 'Jada', '400', 'Grey-ish', 'Adult', 'HOLDING STRAY', 'Ride Home Free', 'Dog', 129, 1, 2),
(33967, 'Pit X', 'F', '2023-01-15', 'Huanxi', '200', 'Grey & White', 'Adult', 'HOLDING STRAY', 'Redeemed', 'Dog', 117, 1, 1),
(33974, 'Pit Bull', 'F/S', '2023-01-18', 'Sable (Sayba new name)', '200', 'Tan with White', 'Adult', 'BROUGHT-IN', 'Sold', 'Dog', 93, 2, 3),
(33975, 'Husky X', 'M/N', '2023-01-19', 'Dexter', '200', 'Black & White', 'Adult', 'HOLDING STRAY', 'Redeemed', 'Dog', 102, 1, 1),
(33977, 'Germ. Shepherd', 'F', '2023-01-20', 'Sasha', '400', 'Tan', 'Adult', 'BROUGHT-IN', 'Ride Home Free', 'Dog', 109, 2, 2),
(33979, 'Terrier X', 'M', '2023-01-23', 'Bentley', '200', 'Brown', 'Adult', 'HOLDING STRAY', 'Redeemed', 'Dog', 104, 1, 1),
(33980, 'Pit Bull', 'F', '2023-01-23', 'Breezy', '200', 'Grey & white', 'Young Adult', 'HOLDING STRAY', 'Redeemed', 'Dog', 93, 1, 1),
(33986, 'Pit Bull', 'F', '2023-01-27', 'Cleo', '200', 'White w/black spots', 'Young Adult', 'HOLDING STRAY', 'Redeemed', 'Dog', 93, 1, 1),
(33989, 'Pomeranian', 'M/N', '2023-01-30', 'Pesser', '200', 'White', 'Adult', 'VPD IMPOUND', 'Redeemed', 'Dog', 105, 3, 1),
(33991, 'Husky', 'M', '2023-02-02', 'Maiko', '200', 'White and Grey', 'Adult', 'BROUGHT-IN', 'Redeemed', 'Dog', 99, 2, 1),
(33996, 'Germ. Shepherd', 'F', '2023-02-07', 'Buddha', '400', 'Black, tan w/cream', 'Senior', 'VPD IMPOUND', 'Ride Home Free', 'Dog', 109, 3, 2),
(33997, 'German Shepherd X', 'M', '2023-02-08', 'Whisky', '200', 'brown/black', 'Adult', 'HOLDING STRAY', 'Redeemed', 'Dog', 168, 1, 1),
(34000, 'German Shepherd X', 'M', '2023-02-09', 'Whisky', '200', 'black/ brown', 'Adult', 'HOLDING STRAY', 'Redeemed', 'Dog', 168, 1, 1),
(34004, 'Maltipoo', 'F', '2023-02-11', 'Lily', '200', 'Brown/golden', 'Young Adult', 'VPD IMPOUND', 'Redeemed', 'Dog', 125, 3, 1),
(34005, 'Germ. Shepherd', 'M', '2023-02-12', 'Whisky', '200', 'Black', 'Young Adult', 'HOLDING STRAY', 'Redeemed', 'Dog', 109, 1, 1),
(34006, 'Lab X', 'M/N', '2023-02-13', 'Chico', '400', 'Black', 'Adult', 'BROUGHT-IN', 'Ride Home Free', 'Dog', 92, 2, 2),
(34007, 'Pit Bull', 'M', '2023-02-13', 'Falkore (aka Velcro)', '100', 'Tan', 'Young Adult', 'HOLDING STRAY', 'Behavior', 'Dog', 93, 1, 6),
(34013, 'Pit X', 'M/N', '2023-02-17', 'Charlie', '200', 'Black', 'Adult', 'VPD IMPOUND', 'Redeemed', 'Dog', 117, 3, 1),
(34014, 'Labrador', 'F', '2023-02-17', 'Celina', '200', 'Chocolate', 'Adult', 'HOLDING STRAY', 'Redeemed', 'Dog', 96, 1, 1),
(34015, 'Poodle X', 'M', '2023-02-17', 'Christian', '200', 'Cream', 'Adult', 'HOLDING STRAY', 'Redeemed', 'Dog', 121, 1, 1),
(34017, 'Pomeranian', 'F', '2023-02-17', 'Pudding', '24', 'White', 'Adult', 'HOLDING STRAY', 'Redeemed', 'Dog', 105, 1, 1),
(34022, 'Miniature Poodle', 'M', '2023-02-21', 'Jelly', '400', 'Apricot', 'Adult', 'BROUGHT-IN', 'Ride Home Free', 'Dog', 133, 2, 2),
(34025, 'Spaniel X', 'M', '2023-02-26', 'Kado', '200', 'Tan & cream', 'Senior', 'HOLDING STRAY', 'Redeemed', 'Dog', 177, 1, 1),
(34026, 'Akita', 'M/N', '2023-02-28', 'DuoDuo', '200', 'Tan & white', 'Young Adult', 'HOLDING STRAY', 'Redeemed', 'Dog', 144, 1, 1),
(34027, 'Pit Bull', 'F/S', '2023-02-28', 'Lola', '400', 'Red', 'Adult', 'VPD IMPOUND', 'Ride Home Free', 'Dog', 93, 3, 2),
(34029, 'Border Collie X', 'F/S', '2023-03-01', 'Zero', '200', 'Black & White', 'Adult', 'BROUGHT-IN', 'Redeemed', 'Dog', 112, 2, 1),
(34032, 'Lab X', 'M/N', '2023-03-02', 'Comet (Dolly new name)', '200', 'Black & white', 'Puppy', 'HOLDING STRAY', 'Sold', 'Dog', 92, 1, 3),
(34033, 'Shepherd X', 'F', '2023-03-02', 'Princess Leia', '200', 'black/brown/white', 'Young Adult', 'HOLDING STRAY', 'Redeemed', 'Dog', 103, 1, 1),
(34034, 'Pit Bull', 'F/S', '2023-03-04', 'Lola', '200', 'Red', 'Adult', 'VPD IMPOUND', 'Redeemed', 'Dog', 93, 3, 1),
(34035, 'Spaniel X', 'F', '2023-03-06', 'Daze (Daisy)', '200', 'Blonde', 'Adult', 'VPD IMPOUND', 'Redeemed', 'Dog', 177, 3, 1),
(34044, 'Pit Bull', 'F', '2023-03-14', 'Bella', '200', 'Black and White', 'Adult', 'HOLDING STRAY', 'Redeemed', 'Dog', 93, 1, 1),
(34045, 'Beagle', 'M', '2023-03-15', 'Rambo', '200', 'Brown & White', 'Senior', 'HOLDING STRAY', 'Redeemed', 'Dog', 111, 1, 1),
(34051, 'Chihuahua', 'M/N', '2023-03-19', 'Amigo', '400', 'Tan', 'Senior', 'BROUGHT-IN', 'Ride Home Free', 'Dog', 95, 2, 2),
(34052, 'Shih Tzu', 'M', '2023-03-20', 'EINSTEIN', '200', 'White', 'Puppy', 'HOLDING STRAY', 'Redeemed', 'Dog', 97, 1, 1),
(34054, 'Akita X', 'M/N', '2023-03-21', 'Kranki', '100', 'Brown/Tan', 'Adult', 'SEIZED', 'Transferred', 'Dog', 178, 4, 5),
(34056, 'Boston Terrier', 'F/S', '2023-03-21', 'Lila', '200', 'Black', 'Senior', 'VPD IMPOUND', 'Redeemed', 'Dog', 131, 3, 1),
(34058, 'Cat - DSH', 'M/N', '2023-03-23', '', '100', 'Black & White', 'Young Adult', 'HOLDING STRAY', 'Transferred', 'Cat', 182, 1, 5),
(34062, 'Pit Bull', 'F', '2023-03-25', 'Sadie', '200', 'Black & White', 'Adult', 'HOLDING STRAY', 'Redeemed', 'Dog', 93, 1, 1),
(34072, 'Husky', 'F', '2023-03-27', 'Kita', '200', 'Grey & White', 'Adult', 'HOLDING STRAY', 'Redeemed', 'Dog', 99, 1, 1),
(34073, 'Pitbull', 'F', '2023-03-27', 'MoMo', '400', 'Grey w/white', 'Adult', 'HOLDING STRAY', 'Ride Home Free', 'Dog', 101, 1, 2),
(34075, 'Pit Bull', 'F/S', '2023-03-27', 'Silver (new name)', '100', 'Grey w/white', 'Adult', 'BROUGHT-IN', 'Transferred', 'Dog', 93, 2, 5),
(34076, 'Pit Bull', 'M/N', '2023-03-28', 'Harry Styles (new Name)', '200', 'Tan & White', 'Adult', 'HOLDING STRAY', 'Sold', 'Dog', 93, 1, 3),
(34077, 'Pit Bull', 'F', '2023-03-29', 'Tiea', '200', 'White', 'Young Adult', 'VPD IMPOUND', 'Redeemed', 'Dog', 93, 3, 1),
(34078, 'Germ. Shepherd', 'M', '2023-03-29', 'Santa', '200', 'brown/black/white', 'Young Adult', 'HOLDING STRAY', 'Redeemed', 'Dog', 109, 1, 1),
(34080, 'Chihuahua', 'M', '2023-03-29', 'Kong', '400', 'Black & White', 'Adult', 'BROUGHT-IN', 'Ride Home Free', 'Dog', 95, 2, 2),
(34084, 'Shiba Inu', 'F/S', '2023-03-30', 'Cali', '200', 'Brown', 'Adult', 'HOLDING STRAY', 'Redeemed', 'Dog', 119, 1, 1),
(34086, 'Bird, Budgie', 'M', '2023-03-31', 'Lennon aka John', '200', 'Green with Yellow', 'Adult', 'HOLDING STRAY', 'Sold', 'Bird', 184, 1, 3),
(34089, 'Bird, Budgie', 'X', '2023-04-01', '', '100', 'Yellow w/ white on face', 'Adult', 'BROUGHT-IN', 'Passed Away', 'Bird', 184, 2, 17),
(34090, 'Shih Tzu', 'M/N', '2023-04-01', 'Rocky', '200', 'Brown', 'Young Adult', 'HOLDING STRAY', 'Redeemed', 'Dog', 97, 1, 1),
(34091, 'Pit Bull', 'M', '2023-04-04', 'Knuckles', '200', 'Tan & white', 'Puppy', 'HOLDING STRAY', 'Redeemed', 'Dog', 93, 1, 1),
(34092, 'Pit Bull', 'M', '2023-04-04', 'Stallone', '200', 'Tan & white', 'Puppy', 'HOLDING STRAY', 'Redeemed', 'Dog', 93, 1, 1),
(34094, 'Pitbull X', 'M', '2023-04-06', 'Jet', '100', 'Black', 'Young Adult', 'HOLDING STRAY', 'Behavior', 'Dog', 123, 1, 6),
(34095, 'Jack Russell Terrier', 'F', '2023-04-06', 'Maggie', '200', 'White brown and black', 'Adult', 'BROUGHT-IN', 'Redeemed', 'Dog', 118, 2, 1),
(34096, 'German Shepherd', 'F', '2023-04-08', 'Anna', '200', 'Brown & Black', 'Adult', 'HOLDING STRAY', 'Redeemed', 'Dog', 106, 1, 1),
(34100, 'Cat - DSH', 'M', '2023-04-11', 'Tyson', '100', 'Grey & White', 'Adult', 'VPD IMPOUND', 'Transferred', 'Cat', 182, 3, 5),
(34101, 'Chihuahua', 'F/S', '2023-04-11', 'Queenie (new name)', '100', 'Black w/ Brown', 'Senior', 'VPD IMPOUND', 'Transferred', 'Dog', 95, 3, 5),
(34104, 'Maltese', 'F/S', '2023-04-13', 'Sugar', '200', 'White', 'Senior', 'HOLDING STRAY', 'Redeemed', 'Dog', 116, 1, 1),
(34106, 'Samoyed', 'M', '2023-04-14', 'Turbo', '200', 'White', 'Puppy', 'HOLDING STRAY', 'Redeemed', 'Dog', 135, 1, 1),
(34107, 'Germ. Shepherd', 'M', '2023-04-15', 'Quinn', '200', 'Black & Tan', 'Senior', 'HOLDING STRAY', 'Redeemed', 'Dog', 109, 1, 1),
(34108, 'American Eskimo', 'F/S', '2023-04-17', 'Pringles', '400', 'White', 'Adult', 'HOLDING STRAY', 'Ride Home Free', 'Dog', 164, 1, 2),
(34109, 'German Shepherd', 'M', '2023-04-18', 'Cabello', '200', 'Black w/Brown Socks', 'Young Adult', 'BROUGHT-IN', 'Redeemed', 'Dog', 106, 2, 1),
(34110, 'Husky', 'M', '2023-04-18', 'Mars', '100', 'Brown & White', 'Young Adult', 'HOLDING STRAY', 'Transferred', 'Dog', 99, 1, 5),
(34114, 'Pit Bull', 'M', '2023-04-19', 'Russia', '100', 'White', 'Adult', 'HOLDING STRAY', 'Owner Request - Signed Over', 'Dog', 93, 1, 11),
(34117, 'Golden Retriever', 'F', '2023-04-22', 'Ginger', '200', 'Red', 'Senior', 'VPD IMPOUND', 'Redeemed', 'Dog', 108, 3, 1),
(34118, 'Chihuahua X', 'M/N', '2023-04-24', 'Frankie', '200', 'Golden', 'Adult', 'VPD IMPOUND', 'Redeemed', 'Dog', 134, 3, 1),
(34125, 'Husky', 'F', '2023-04-28', 'Alissa', '200', 'White & Light Grey', 'Adult', 'HOLDING STRAY', 'Redeemed', 'Dog', 99, 1, 1),
(34127, 'Pitbull', 'M', '2023-04-30', 'Odie', '200', 'Tan & White', 'Adult', 'BROUGHT-IN', 'Redeemed', 'Dog', 101, 2, 1),
(34128, 'Miniature Poodle', 'M/N', '2023-04-30', 'Bosley (new name)', '100', 'Black w/Brown & Grey', 'Senior', 'HOLDING STRAY', 'Transferred', 'Dog', 133, 1, 5),
(34129, 'German Shepherd', 'M', '2023-05-01', 'Reagan', '200', 'White', 'Senior', 'HOLDING STRAY', 'Redeemed', 'Dog', 106, 1, 1),
(34130, 'German Shepherd', 'F', '2023-05-01', 'Rocket', '200', 'Black & Brown', 'Young Adult', 'HOLDING STRAY', 'Redeemed', 'Dog', 106, 1, 1),
(34134, 'Pit Bull', 'M', '2023-05-04', 'Chaos', '200', 'White & Brown', 'Adult', 'SEIZED', 'Redeemed', 'Dog', 93, 4, 1),
(34137, 'Rottweiler', 'M', '2023-05-05', 'Loki', '400', 'Black and Tan', 'Young Adult', 'BROUGHT-IN', 'Ride Home Free', 'Dog', 98, 2, 2),
(34139, 'Shepherd X', 'F', '2023-05-07', 'Mochi', '100', 'Brown and Black', 'Adult', 'SEIZED', 'Owner Request - Signed Over', 'Dog', 103, 4, 11),
(34140, 'Miniature Pinscher', 'M/N', '2023-05-07', 'Loko', '200', 'Brown & Black', 'Young Adult', 'HOLDING STRAY', 'Redeemed', 'Dog', 160, 1, 1),
(34142, 'Husky', 'M', '2023-05-08', 'Apollo', '200', 'White', 'Adult', 'VPD IMPOUND', 'Redeemed', 'Dog', 99, 3, 1),
(34145, 'Chihuahua', 'F/S', '2023-05-10', 'Sky', '200', 'Cream', 'Adult', 'BROUGHT-IN', 'Redeemed', 'Dog', 95, 2, 1),
(34146, 'French Bulldog', 'F', '2023-05-10', 'Stitch', '08', 'Tan w/white', 'Adult', 'BROUGHT-IN', 'Redeemed', 'Dog', 124, 2, 1),
(34147, 'French Bulldog', 'F/S', '2023-05-10', 'Rain', '200', 'Tan w/black', 'Adult', 'BROUGHT-IN', 'Redeemed', 'Dog', 124, 2, 1),
(34148, 'Pit Bull', 'F', '2023-05-10', 'Dharma (new name)', '100', 'Tan', 'Adult', 'HOLDING STRAY', 'Behavior', 'Dog', 93, 1, 6),
(34149, 'Shih Tzu', 'F', '2023-05-10', 'Shipura', '200', 'Cream', 'Senior', 'HOLDING STRAY', 'Redeemed', 'Dog', 97, 1, 1),
(34151, 'Terrier X', 'F/S', '2023-05-11', 'Bella', '400', 'White', 'Senior', 'BROUGHT-IN', 'Ride Home Free', 'Dog', 104, 2, 2),
(34157, 'Maltipoo', 'F', '2023-05-13', 'Liah', '400', 'Beige', 'Adult', 'HOLDING STRAY', 'Ride Home Free', 'Dog', 125, 1, 2),
(34158, 'Pit Bull', 'M', '2023-05-15', 'Gunner (new name)', '100', 'Grey/Brown', 'Young Adult', 'HOLDING STRAY', 'Behavior', 'Dog', 93, 1, 6),
(34160, 'Pit X', 'F/S', '2023-05-16', 'Dani', '200', 'Grey w/ White', 'Adult', 'BROUGHT-IN', 'Redeemed', 'Dog', 117, 2, 1),
(34163, 'Chihuahua', 'F', '2023-05-17', 'Rosie', '200', 'White w/ Brown Spots', 'Adult', 'BROUGHT-IN', 'Redeemed', 'Dog', 95, 2, 1),
(34164, 'Pit Bull', 'M', '2023-05-18', 'JJ (aka Jaden and Joe Malone)', '200', 'Beige w/white', 'Adult', 'HOLDING STRAY', 'Redeemed', 'Dog', 93, 1, 1),
(34168, 'Pit Bull X', 'M', '2023-05-18', 'Coco', '100', 'Brown & White', 'Young Adult', 'HOLDING STRAY', 'Transferred', 'Dog', 140, 1, 5),
(34171, 'Maltese', 'M/N', '2023-05-18', 'Lord Felix/Johnny', '400', 'White', 'Adult', 'HOLDING STRAY', 'Ride Home Free', 'Dog', 116, 1, 2),
(34172, 'Husky', 'M', '2023-05-18', 'Lucky', '27', 'Grey & white', 'Senior', 'HOLDING STRAY', 'Redeemed', 'Dog', 99, 1, 1),
(34176, 'Husky X', 'F/S', '2023-05-23', 'Zendaya (new name)Zendi', '200', 'Grey, black & White', 'Adult', 'HOLDING STRAY', 'Sold', 'Dog', 102, 1, 3),
(34177, 'Cat - DSH', 'M/N', '2023-05-23', 'Willie', '100', 'Brown Tabby', 'Young Adult', 'HOLDING STRAY', 'Transferred', 'Cat', 182, 1, 5),
(34178, 'Germ. Shepherd', 'M', '2023-05-23', 'Keno', '400', 'Black w/tan', 'Adult', 'BROUGHT-IN', 'Ride Home Free', 'Dog', 109, 2, 2),
(34179, 'French Bulldog', 'M', '2023-05-23', 'Remington', '200', 'Black', 'Adult', 'HOLDING STRAY', 'Redeemed', 'Dog', 124, 1, 1),
(34182, 'Pomeranian', 'F/S', '2023-05-27', 'Luna', '19', 'Tan w/black', 'Senior', 'HOLDING STRAY', 'Redeemed', 'Dog', 105, 1, 1),
(34190, 'Boston Terrier', 'F', '2023-05-29', 'Ruby', '200', 'Brown & white', 'Adult', 'HOLDING STRAY', 'Redeemed', 'Dog', 131, 1, 1),
(34192, 'Chihuahua X', 'M/N', '2023-05-30', 'Lloyd', '200', 'Black & Tan', 'Adult', 'VPD IMPOUND', 'Sold', 'Dog', 134, 3, 3),
(34193, 'Terrier X', 'F/S', '2023-05-30', 'Pickle', '200', 'Tan', 'Adult', 'HOLDING STRAY', 'Redeemed', 'Dog', 104, 1, 1),
(34198, 'Labradoodle', 'M', '2023-06-02', 'Koda', '400', 'Black', 'Adult', 'BROUGHT-IN', 'Ride Home Free', 'Dog', 162, 2, 2),
(34199, 'Lab X', 'F', '2023-06-02', 'Poppy', '21', 'Black w/ white markings', 'Adult', 'BROUGHT-IN', 'Redeemed', 'Dog', 92, 2, 1),
(34200, 'Bichon Frise', 'M/N', '2023-06-02', 'Odie (new name Bradley)', '100', 'White', 'Adult', 'HOLDING STRAY', 'Transferred', 'Dog', 130, 1, 5),
(34202, 'Chihuahua', 'F/S', '2023-06-04', 'Darling (now Dolly)', '200', 'Cream', 'Adult', 'BROUGHT-IN', 'Sold', 'Dog', 95, 2, 3),
(34203, 'Lab X', 'M', '2023-06-04', 'Palmer', '200', 'Black w White paws', 'Senior', 'HOLDING STRAY', 'Redeemed', 'Dog', 92, 1, 1),
(34204, 'Germ. Shepherd', 'M', '2023-06-04', 'Quinn', '200', 'Black & Brown', 'Adult', 'BROUGHT-IN', 'Redeemed', 'Dog', 109, 2, 1),
(34206, 'Shiba Inu', 'M', '2023-06-05', 'Zan Zan', '200', 'Red', 'Puppy', 'BROUGHT-IN', 'Redeemed', 'Dog', 119, 2, 1),
(34207, 'Pit Bull', 'M', '2023-06-05', 'Shaq O\'Neil', '400', 'White & Brown', 'Adult', 'HOLDING STRAY', 'Ride Home Free', 'Dog', 93, 1, 2),
(34215, 'Cat - DSH', 'F', '2023-06-06', 'Jasmine (new name)', '100', 'Grey and White', 'Adult', 'VPD IMPOUND', 'Transferred', 'Cat', 182, 3, 5),
(34219, 'Chihuahua X', 'F', '2023-06-07', 'Kali', '21', 'White w/ beige', 'Senior', 'VPD IMPOUND', 'Redeemed', 'Dog', 134, 3, 1),
(34220, 'Bird, Budgie', 'F', '2023-06-07', 'Bianca Del Rio (new name)', '200', 'Yellow', 'Adult', 'BROUGHT-IN', 'Sold', 'Bird', 184, 2, 3),
(34223, 'Pit Bull', 'M', '2023-06-08', 'JJ aka Jaden', '23', 'Beige w/white', 'Adult', 'VPD IMPOUND', 'Redeemed', 'Dog', 93, 3, 1),
(34224, 'Labradoodle', 'F/S', '2023-06-08', 'Bailee', '400', 'Black', 'Adult', 'HOLDING STRAY', 'Ride Home Free', 'Dog', 162, 1, 2),
(34228, 'Husky X', 'F', '2023-06-09', 'Pringles', '35', 'White', 'Adult', 'HOLDING STRAY', 'Redeemed', 'Dog', 102, 1, 1),
(34230, 'Germ. Shepherd', 'F', '2023-06-10', 'Kodak', '400', 'Black & Tan', 'Adult', 'VPD IMPOUND', 'Ride Home Free', 'Dog', 109, 3, 2),
(34231, 'Pit Bull', 'M/N', '2023-06-11', 'Chapo', '100', 'Golden/White', 'Young Adult', 'HOLDING STRAY', 'Transferred', 'Dog', 93, 1, 5),
(34232, 'Schnauzer', 'M/N', '2023-06-11', 'Wodka', '400', 'White', 'Adult', 'HOLDING STRAY', 'Ride Home Free', 'Dog', 142, 1, 2),
(34242, 'Bird, Budgie', 'F', '2023-06-17', 'Juicy Fruit (new name)', '200', 'Yellow w/black and green', 'Adult', 'HOLDING STRAY', 'Sold', 'Bird', 184, 1, 3),
(34244, 'Dachshund', 'F', '2023-06-18', 'Milo', '400', 'Black w/ Brown', 'Adult', 'VPD IMPOUND', 'Ride Home Free', 'Dog', 150, 3, 2),
(34245, 'Pit Bull', 'F/S', '2023-06-18', 'Purdy (New Name)', '200', 'Brown w/ White', 'Adult', 'HOLDING STRAY', 'Sold', 'Dog', 93, 1, 3),
(34246, 'Rottweiler', 'F', '2023-06-18', 'Sima', '200', 'Black w/ Brown', 'Young Adult', 'VPD IMPOUND', 'Redeemed', 'Dog', 98, 3, 1),
(34247, 'Pit Bull', 'M', '2023-06-19', '', '100', 'Grey', 'Young Adult', 'SPCA', 'Transferred', 'Dog', 93, 5, 5),
(34249, 'Pitbull X', 'M/N', '2023-06-20', 'Spike (New Name)Webber', '200', 'Black w/White around mouth', 'Senior', 'BROUGHT-IN', 'Sold', 'Dog', 123, 2, 3),
(34250, 'Cat - DMH', 'F', '2023-06-20', 'Smudge', '100', 'Black', 'Adult', 'BROUGHT-IN', 'Transferred', 'Cat', 183, 2, 5),
(34257, 'Maltipoo', 'M/N', '2023-06-22', 'Pow-man (aka Noodle)', '400', 'White', 'Adult', 'HOLDING STRAY', 'Ride Home Free', 'Dog', 125, 1, 2),
(34259, 'Lab X', 'F', '2023-06-24', 'Mia', '200', 'Golden w/white', 'Adult', 'HOLDING STRAY', 'Redeemed', 'Dog', 92, 1, 1),
(34260, 'Rottie X', 'F', '2023-06-24', 'Sima', '200', 'Black and tan', 'Adult', 'HOLDING STRAY', 'Redeemed', 'Dog', 176, 1, 1),
(34266, 'Maltese', 'M/N', '2023-06-27', 'Aspen', '17', 'White & Cream', 'Adult', 'HOLDING STRAY', 'Redeemed', 'Dog', 116, 1, 1),
(34268, 'Pit Bull', 'F', '2023-06-28', 'Paris', '200', 'White', 'Young Adult', 'HOLDING STRAY', 'Redeemed', 'Dog', 93, 1, 1),
(34271, 'Jack Russell Terrier', 'F/S', '2023-06-28', 'Maggie', '200', 'White & Brown', 'Adult', 'HOLDING STRAY', 'Redeemed', 'Dog', 118, 1, 1),
(34272, 'Husky X', 'M/N', '2023-06-28', 'Kevin', '400', 'Grey, Black & White', 'Adult', 'HOLDING STRAY', 'Ride Home Free', 'Dog', 102, 1, 2),
(34274, 'Pomeranian', 'M/N', '2023-06-29', 'Dougie (new name, Dog)', '200', 'Tan & Black', 'Adult', 'HOLDING STRAY', 'Sold', 'Dog', 105, 1, 3),
(34275, 'Chihuahua X', 'M/N', '2023-06-29', 'Oreo', '200', 'Black w/ white', 'Senior', 'HOLDING STRAY', 'Redeemed', 'Dog', 134, 1, 1),
(34277, 'Lhasa Apso', 'F/S', '2023-07-02', 'Molly', '100', 'Black', 'Senior', 'HOLDING STRAY', 'Transferred', 'Dog', 145, 1, 5),
(34278, 'Pit Bull', 'M', '2023-07-02', 'Diesel', '200', 'White w/Black', 'Young Adult', 'HOLDING STRAY', 'Redeemed', 'Dog', 93, 1, 1),
(34279, 'French Bulldog', 'M', '2023-07-03', 'Blue', '200', 'Tan & Brown', 'Young Adult', 'VPD IMPOUND', 'Redeemed', 'Dog', 124, 3, 1),
(34280, 'Rottweiler', 'F', '2023-07-03', 'Coco', '200', 'Brown & Tan', 'Adult', 'BROUGHT-IN', 'Redeemed', 'Dog', 98, 2, 1),
(34282, 'Beagle', 'F/S', '2023-07-04', 'Claudia (new name)', '200', 'White w/Brown & Black', 'Adult', 'HOLDING STRAY', 'Sold', 'Dog', 111, 1, 3),
(34288, 'Shih Tzu X', 'M', '2023-07-07', 'Sharpie', '17', 'Black', 'Adult', 'VPD IMPOUND', 'Redeemed', 'Dog', 129, 3, 1),
(34289, 'Lab X', 'M/N', '2023-07-07', 'Watson', '25', 'Black w/white', 'Senior', 'HOLDING STRAY', 'Redeemed', 'Dog', 92, 1, 1),
(34290, 'Lab X', 'F/S', '2023-07-07', 'Buttercup', '19', 'Golden', 'Adult', 'BROUGHT-IN', 'Redeemed', 'Dog', 92, 2, 1),
(34291, 'Lab X', 'F/S', '2023-07-08', 'Coco', '200', 'Black w/white & grey', 'Adult', 'HOLDING STRAY', 'Redeemed', 'Dog', 92, 1, 1),
(34295, 'Bird, Budgie', 'X', '2023-07-10', 'Kim Chi (new name)', '200', 'Yellow w/ white cheeks', 'Young Adult', 'BROUGHT-IN', 'Sold', 'Bird', 184, 2, 3),
(34296, 'Beagle', 'M', '2023-07-10', 'Tuff', '200', 'Brown and white', 'Adult', 'BROUGHT-IN', 'Redeemed', 'Dog', 111, 2, 1),
(34298, 'Pomeranian', 'M', '2023-07-11', 'Knuckles', '200', 'Brown w/white', 'Adult', 'HOLDING STRAY', 'Redeemed', 'Dog', 105, 1, 1),
(34299, 'Pit Bull', 'F/S', '2023-07-12', 'Amy', '200', 'White w/ Black', 'Adult', 'HOLDING STRAY', 'Redeemed', 'Dog', 93, 1, 1),
(34300, 'Pit Bull', 'M', '2023-07-12', 'Chopper', '200', 'White w/Black', 'Adult', 'HOLDING STRAY', 'Redeemed', 'Dog', 93, 1, 1),
(34301, 'Labrador', 'F', '2023-07-12', 'Millie', '200', 'Golden', 'Adult', 'HOLDING STRAY', 'Redeemed', 'Dog', 96, 1, 1),
(34307, 'Shih Tzu', 'F', '2023-07-15', 'Pepper', '20', 'Grey/Black & White', 'Adult', 'HOLDING STRAY', 'Redeemed', 'Dog', 97, 1, 1),
(34308, 'Miniature Poodle', 'F/S', '2023-07-16', 'Pepper', '200', 'Black and White', 'Adult', 'BROUGHT-IN', 'Redeemed', 'Dog', 133, 2, 1),
(34312, 'Germ. Shepherd', 'M', '2023-07-17', 'Keno', '200', 'Black w/Tan', 'Adult', 'HOLDING STRAY', 'Redeemed', 'Dog', 109, 1, 1),
(34313, 'Bird, Pigeon', 'X', '2023-07-18', '', '100', 'Grey', 'Adult', 'BROUGHT-IN', 'Health', 'Bird', 185, 2, 9),
(34319, 'Lab X', 'M/N', '2023-07-23', 'Alfie (new name)', '200', 'Black', 'Senior', 'BROUGHT-IN', 'Sold', 'Dog', 92, 2, 3),
(34320, 'Germ. Shepherd', 'M', '2023-07-23', 'Pluto', '200', 'Beige & Black', 'Young Adult', 'HOLDING STRAY', 'Redeemed', 'Dog', 109, 1, 1),
(34321, 'Bichon Frise', 'M', '2023-07-23', 'Fendi', '400', 'White', 'Adult', 'HOLDING STRAY', 'Ride Home Free', 'Dog', 130, 1, 2),
(34323, 'Poodle X', 'M/N', '2023-07-28', 'Pidan', '200', 'Tan', 'Senior', 'BROUGHT-IN', 'Redeemed', 'Dog', 121, 2, 1),
(34328, 'Pit Bull', 'F', '2023-07-29', 'Ivory', '200', 'White', 'Adult', 'HOLDING STRAY', 'Redeemed', 'Dog', 93, 1, 1),
(34330, 'Spaniel X', 'M', '2023-07-29', 'Kado', '200', 'Tan w/cream & Grey muzzle', 'Senior', 'HOLDING STRAY', 'Redeemed', 'Dog', 177, 1, 1),
(34331, 'Germ. Shepherd', 'F', '2023-07-29', 'Lucy', '400', 'Black', 'Adult', 'HOLDING STRAY', 'Ride Home Free', 'Dog', 109, 1, 2),
(34332, 'Labrador', 'M', '2023-07-29', 'Lucky', '400', 'Brown', 'Adult', 'HOLDING STRAY', 'Ride Home Free', 'Dog', 96, 1, 2),
(34333, 'Bird, Pigeon', 'X', '2023-07-30', '', '100', 'Black w/Grey spots on wings', 'Young Adult', 'HOLDING STRAY', 'Transferred', 'Bird', 185, 1, 5),
(34334, 'Lab X', 'M/N', '2023-07-30', 'Casey', '200', 'Black', 'Young Adult', 'HOLDING STRAY', 'Redeemed', 'Dog', 92, 1, 1),
(34337, 'Shiba Inu', 'M', '2023-08-02', 'Haku', '400', 'Red & white', 'Adult', 'BROUGHT-IN', 'Ride Home Free', 'Dog', 119, 2, 2),
(34339, 'Germ. Shepherd', 'F/S', '2023-08-04', 'Ava May', '200', 'Black & Tan', 'Adult', 'VPD IMPOUND', 'Redeemed', 'Dog', 109, 3, 1),
(34344, 'Pomeranian', 'M', '2023-08-06', 'Ginger', '400', 'White', 'Young Adult', 'BROUGHT-IN', 'Ride Home Free', 'Dog', 105, 2, 2),
(34346, 'Husky X', 'M/N', '2023-08-08', 'Nugget', '200', 'Black & White', 'Young Adult', 'HOLDING STRAY', 'Redeemed', 'Dog', 102, 1, 1),
(34347, 'Pit Bull', 'M/N', '2023-08-08', 'Rico', '200', 'Grey', 'Young Adult', 'HOLDING STRAY', 'Redeemed', 'Dog', 93, 1, 1),
(34348, 'Pit Bull', 'F', '2023-08-08', 'Dora', '200', 'Black & White', 'Adult', 'SEIZED', 'Redeemed', 'Dog', 93, 4, 1),
(34352, 'Rottie X', 'M/N', '2023-08-11', 'Archer (new name)', '200', 'Black & Tan', 'Young Adult', 'HOLDING STRAY', 'Sold', 'Dog', 176, 1, 3),
(34355, 'Chihuahua X', 'M', '2023-08-11', 'Oreo', '200', 'Black & White', 'Adult', 'HOLDING STRAY', 'Redeemed', 'Dog', 134, 1, 1),
(34356, 'Pit Bull', 'F', '2023-08-11', 'Silver', '200', 'Grey', 'Adult', 'VPD IMPOUND', 'Redeemed', 'Dog', 93, 3, 1),
(34371, 'Jack Russell Terrier', 'M/N', '2023-08-19', 'Jackson', '200', 'White & Brown', 'Senior', 'VPD IMPOUND', 'Redeemed', 'Dog', 118, 3, 1),
(34372, 'Labrador', 'M/N', '2023-08-20', 'Charlie', '400', 'Black', 'Adult', 'BROUGHT-IN', 'Ride Home Free', 'Dog', 96, 2, 2),
(34373, 'Siberian Husky', 'F/S', '2023-08-20', 'Snow White (new name)', '200', 'White', 'Young Adult', 'HOLDING STRAY', 'Sold', 'Dog', 136, 1, 3),
(34376, 'Spaniel X', 'M/N', '2023-08-21', 'Jackson', '100', 'Tan', 'Adult', 'BROUGHT-IN', 'Transferred', 'Dog', 177, 2, 5),
(34384, 'Husky', 'F', '2023-08-25', 'Romeo', '200', 'Black and White', 'Adult', 'BROUGHT-IN', 'Redeemed', 'Dog', 99, 2, 1),
(34386, 'Chihuahua X', 'M', '2023-08-26', 'Monster', '400', 'White w/Brown spots on ears', 'Adult', 'BROUGHT-IN', 'Ride Home Free', 'Dog', 134, 2, 2),
(34387, 'Husky', 'F', '2023-08-27', 'Millie', '200', 'White & Grey', 'Young Adult', 'HOLDING STRAY', 'Redeemed', 'Dog', 99, 1, 1),
(34389, 'Pit Bull', 'F/S', '2023-08-28', 'Hula-hoop now Saya (new name)', '200', 'White & Black', 'Puppy', 'HOLDING STRAY', 'Sold', 'Dog', 93, 1, 3),
(34390, 'Lab X', 'F/S', '2023-08-28', 'Marley', '200', 'Black', 'Adult', 'VPD IMPOUND', 'Sold', 'Dog', 92, 3, 3),
(34391, 'Pit Bull', 'M', '2023-08-28', 'Blue', '200', 'Brown w/white', 'Young Adult', 'HOLDING STRAY', 'Redeemed', 'Dog', 93, 1, 1),
(34392, 'Yorkie X', 'M', '2023-08-29', 'Puppy', '200', 'Tan & Grey', 'Senior', 'HOLDING STRAY', 'Redeemed', 'Dog', 132, 1, 1),
(34393, 'Spaniel X', 'M/N', '2023-08-29', 'Kado', '200', 'Tan & cream', 'Senior', 'HOLDING STRAY', 'Redeemed', 'Dog', 177, 1, 1),
(34395, 'Shih Tzu', 'M', '2023-08-30', 'Panda', '200', 'White & black', 'Senior', 'HOLDING STRAY', 'Redeemed', 'Dog', 97, 1, 1),
(34397, 'Pit Bull', 'F', '2023-08-30', 'Roxi', '200', 'Black w/white', 'Adult', 'BROUGHT-IN', 'Redeemed', 'Dog', 93, 2, 1),
(34398, 'Pit Bull', 'M/N', '2023-08-30', 'Chaos aka Kevin', '47', 'White w/Brown', 'Adult', 'SEIZED', 'Seized', 'Dog', 93, 4, 4),
(34399, 'Bird, Pigeon', 'X', '2023-08-30', '', 'ISO', 'White', 'Adult', 'HOLDING STRAY', 'Released ( Wildlife)', 'Bird', 185, 1, 15),
(34400, 'Maltese', 'F', '2023-08-31', 'Twiti', '200', 'White', 'Adult', 'BROUGHT-IN', 'Redeemed', 'Dog', 116, 2, 1),
(34401, 'Maltese', 'M', '2023-08-31', 'Chawii', '200', 'White', 'Adult', 'BROUGHT-IN', 'Redeemed', 'Dog', 116, 2, 1),
(34402, 'Golden Retriever', 'M', '2023-08-31', 'Miller', '400', 'Golden', 'Adult', 'BROUGHT-IN', 'Ride Home Free', 'Dog', 108, 2, 2),
(34403, 'Rottweiler', 'M', '2023-09-01', 'Pollux', '200', 'Black & Tan', 'Adult', 'VPD IMPOUND', 'Redeemed', 'Dog', 98, 3, 1),
(34404, 'Terrier X', 'M/N', '2023-09-02', 'Guchi', '200', 'Tan', 'Adult', 'BROUGHT-IN', 'Redeemed', 'Dog', 104, 2, 1),
(34405, 'Maltipoo', 'M', '2023-09-02', 'Money', '200', 'White', 'Adult', 'HOLDING STRAY', 'Redeemed', 'Dog', 125, 1, 1),
(34408, 'Pit Bull', 'M', '2023-09-05', 'Concrete', '200', 'Grey w/ white', 'Adult', 'BROUGHT-IN', 'Redeemed', 'Dog', 93, 2, 1),
(34409, 'Border Collie', 'M', '2023-09-05', 'Storm', '200', 'Gold w/ white', 'Young Adult', 'HOLDING STRAY', 'Redeemed', 'Dog', 107, 1, 1),
(34411, 'Lab X', 'M', '2023-09-07', 'Angus', '400', 'Golden', 'Adult', 'HOLDING STRAY', 'Ride Home Free', 'Dog', 92, 1, 2),
(34417, 'Germ. Shepherd', 'F', '2023-09-11', 'Bella', '200', 'Black w/ Beige', 'Young Adult', 'HOLDING STRAY', 'Redeemed', 'Dog', 109, 1, 1),
(34419, 'Germ. Shepherd', 'F', '2023-09-12', 'Mocha', '400', 'Brown and Black', 'Adult', 'HOLDING STRAY', 'Ride Home Free', 'Dog', 109, 1, 2),
(34424, 'Labradoodle', 'F', '2023-09-14', 'Brownie', '200', 'Brown', 'Young Adult', 'BROUGHT-IN', 'Redeemed', 'Dog', 162, 2, 1),
(34427, 'Miniature Poodle', 'F', '2023-09-15', 'Amie', '200', 'Grey/Black', 'Senior', 'HOLDING STRAY', 'Redeemed', 'Dog', 133, 1, 1),
(34428, 'Miniature Poodle', 'M', '2023-09-15', 'Fudge', '200', 'Brown', 'Puppy', 'HOLDING STRAY', 'Redeemed', 'Dog', 133, 1, 1),
(34430, 'Chihuahua', 'M', '2023-09-16', 'Rex', '200', 'Brown', 'Senior', 'HOLDING STRAY', 'Redeemed', 'Dog', 95, 1, 1),
(34431, 'Schnauzer', 'F/S', '2023-09-16', 'Lola', '200', 'Grey', 'Adult', 'HOLDING STRAY', 'Redeemed', 'Dog', 142, 1, 1),
(34435, 'Lab X', 'F', '2023-09-18', 'Gilly', '400', 'Brown', 'Adult', 'HOLDING STRAY', 'Ride Home Free', 'Dog', 92, 1, 2),
(34437, 'Husky', 'M/N', '2023-09-19', 'Oz (new name)', '200', 'Black & White', 'Adult', 'HOLDING STRAY', 'Sold', 'Dog', 99, 1, 3),
(34439, 'Bichon Frise', 'F/S', '2023-09-21', 'Kinder (new name)', '200', 'White', 'Adult', 'BROUGHT-IN', 'Sold', 'Dog', 130, 2, 3),
(34442, 'Pit Bull', 'M', '2023-09-21', 'Shadow', '200', 'White', 'Adult', 'SEIZED', 'Redeemed', 'Dog', 93, 4, 1),
(34443, 'Germ. Shepherd', 'F/S', '2023-09-22', 'Mocha', '200', 'Brown', 'Adult', 'HOLDING STRAY', 'Redeemed', 'Dog', 109, 1, 1),
(34444, 'Boston Terrier', 'F', '2023-09-22', 'Hazel', '200', 'Brown', 'Senior', 'HOLDING STRAY', 'Redeemed', 'Dog', 131, 1, 1),
(34445, 'Pit Bull', 'M', '2023-09-22', 'Jersey (new name)', '100', 'Brown & White', 'Adult', 'SEIZED', 'Behavior', 'Dog', 93, 4, 6),
(34452, 'Labradoodle', 'F', '2023-09-24', 'Quincy', '200', 'Brown', 'Adult', 'HOLDING STRAY', 'Redeemed', 'Dog', 162, 1, 1),
(34453, 'Pit Bull', 'M', '2023-09-24', 'Gucci', '200', 'Brown', 'Adult', 'HOLDING STRAY', 'Redeemed', 'Dog', 93, 1, 1),
(34454, 'Terrier X', 'M', '2023-09-25', 'Lloyd', '18', 'Grey', 'Adult', 'HOLDING STRAY', 'Redeemed', 'Dog', 104, 1, 1),
(34457, 'Rottweiler', 'M', '2023-09-26', 'Diesel', '200', 'Black w/Brown', 'Adult', 'HOLDING STRAY', 'Redeemed', 'Dog', 98, 1, 1),
(34459, 'Bird, Pigeon', 'X', '2023-09-26', '', 'ISO', 'Grey and Brown', 'Adult', 'HOLDING STRAY', 'Released ( Wildlife)', 'Bird', 185, 1, 15),
(34460, 'Rottweiler', 'M/N', '2023-09-26', 'Beef (new name)', '100', 'Black and Brown', 'Adult', 'HOLDING STRAY', 'Behavior', 'Dog', 98, 1, 6),
(34463, 'Labradoodle', 'F', '2023-09-29', 'Lucky', '400', 'White and Black', 'Adult', 'HOLDING STRAY', 'Ride Home Free', 'Dog', 162, 1, 2),
(34464, 'Labradoodle', 'F/S', '2023-09-29', 'Lily', '400', 'White', 'Adult', 'HOLDING STRAY', 'Ride Home Free', 'Dog', 162, 1, 2),
(34467, 'Malamute', 'F', '2023-10-01', 'Aziza', '200', 'Black, White & Grey', 'Adult', 'HOLDING STRAY', 'Redeemed', 'Dog', 139, 1, 1),
(34469, 'Shiba Inu', 'M/N', '2023-10-01', 'Popcorn (new name)', '200', 'Golden', 'Young Adult', 'HOLDING STRAY', 'Sold', 'Dog', 119, 1, 3),
(34470, 'Spaniel X', 'M/N', '2023-10-01', 'J.D. (new name)', '100', 'Golden and White', 'Adult', 'BROUGHT-IN', 'Transferred', 'Dog', 177, 2, 5),
(34473, 'French Bulldog', 'F', '2023-10-03', 'Kikko', '200', 'Black/Brown', 'Adult', 'HOLDING STRAY', 'Redeemed', 'Dog', 124, 1, 1),
(34474, 'Border Collie', 'F', '2023-10-03', 'Isla', '200', 'Black', 'Young Adult', 'SEIZED', 'Redeemed', 'Dog', 107, 4, 1),
(34475, 'Cocker Spaniel', 'M', '2023-10-04', 'Ping Ping', '200', 'Golden', 'Adult', 'HOLDING STRAY', 'Redeemed', 'Dog', 122, 1, 1),
(34477, 'Siberian Husky', 'M', '2023-10-07', 'Captain', '200', 'Black and White', 'Adult', 'HOLDING STRAY', 'Redeemed', 'Dog', 136, 1, 1),
(34479, 'Miniature Poodle', 'M/N', '2023-10-11', 'Brownie', '200', 'Apricot', 'Adult', 'HOLDING STRAY', 'Redeemed', 'Dog', 133, 1, 1),
(34483, 'Chihuahua', 'M/N', '2023-10-14', 'Tony', '200', 'Brindle', 'Adult', 'BROUGHT-IN', 'Redeemed', 'Dog', 95, 2, 1),
(34488, 'Pomeranian', 'M', '2023-10-15', 'Milo', '200', 'Brown & White', 'Adult', 'HOLDING STRAY', 'Redeemed', 'Dog', 105, 1, 1),
(34492, 'Bird, Budgie', 'M', '2023-10-16', 'Pete (New Name)', '100', 'Green and Yellow', 'Adult', 'HOLDING STRAY', 'Transferred', 'Bird', 184, 1, 5),
(34493, 'Chihuahua', 'M', '2023-10-19', 'Dante (new name)', '100', 'Brown & White', 'Senior', 'VPD IMPOUND', 'Transferred', 'Dog', 95, 3, 5),
(34495, 'Spaniel X', 'M', '2023-10-20', 'Kado', '200', 'Tan and Cream', 'Senior', 'HOLDING STRAY', 'Redeemed', 'Dog', 177, 1, 1),
(34498, 'Labrador', 'M', '2023-10-20', 'Prince', '200', 'Golden', 'Adult', 'HOLDING STRAY', 'Redeemed', 'Dog', 96, 1, 1),
(34499, 'Labrador', 'F', '2023-10-20', 'Minnie', '200', 'Black', 'Adult', 'HOLDING STRAY', 'Redeemed', 'Dog', 96, 1, 1),
(34501, 'Germ. Shepherd', 'M', '2023-10-23', 'Blizzard (Blizz)', '100', 'White', 'Adult', 'SEIZED', 'Owner Request - Signed Over', 'Dog', 109, 4, 11),
(34502, 'Golden Retriever', 'F', '2023-10-23', 'Maple', '200', 'Golden', 'Young Adult', 'HOLDING STRAY', 'Redeemed', 'Dog', 108, 1, 1),
(34508, 'Pit Bull X', 'F', '2023-10-24', 'Maya', '200', 'Brown', 'Young Adult', 'HOLDING STRAY', 'Redeemed', 'Dog', 140, 1, 1),
(34512, 'Pit Bull', 'F', '2023-10-31', 'Roxi', '200', 'Black w/White', 'Adult', 'HOLDING STRAY', 'Redeemed', 'Dog', 93, 1, 1),
(34513, 'Germ. Shepherd', 'F', '2023-11-01', 'Anna', '200', 'Brown and Black', 'Adult', 'BROUGHT-IN', 'Redeemed', 'Dog', 109, 2, 1),
(34514, 'Shiba Inu', 'F', '2023-11-02', 'Lily', '200', 'Golden w/White', 'Young Adult', 'HOLDING STRAY', 'Redeemed', 'Dog', 119, 1, 1),
(34516, 'Golden Retriever', 'M', '2023-11-04', 'Goku', '200', 'Golden', 'Puppy', 'HOLDING STRAY', 'Redeemed', 'Dog', 108, 1, 1),
(34518, 'Chihuahua', 'M', '2023-11-05', 'Orca', '200', 'Black and White', 'Adult', 'BROUGHT-IN', 'Redeemed', 'Dog', 95, 2, 1),
(34521, 'Retriever X', 'M', '2023-11-07', 'Shelby', '200', 'Golden', 'Adult', 'HOLDING STRAY', 'Redeemed', 'Dog', 171, 1, 1),
(34523, 'Labrador', 'F', '2023-11-08', 'Goose', '200', 'Yellow', 'Adult', 'HOLDING STRAY', 'Redeemed', 'Dog', 96, 1, 1),
(34526, 'Akita', 'M/N', '2023-11-08', 'Owen', '200', 'White, Beige & Black', 'Adult', 'HOLDING STRAY', 'Redeemed', 'Dog', 144, 1, 1),
(34527, 'German Shepherd', 'F', '2023-11-08', 'Kimmy (now Rowan)', '200', 'Brown & Black', 'Senior', 'BROUGHT-IN', 'Sold', 'Dog', 106, 2, 3),
(34529, 'Pit Bull', 'F/S', '2023-11-09', 'Silver', '100', 'Grey & White', 'Adult', 'BROUGHT-IN', 'Transferred', 'Dog', 93, 2, 5),
(34530, 'Beagle', 'M/N', '2023-11-09', 'Geordie', '200', 'White & Brown', 'Senior', 'HOLDING STRAY', 'Redeemed', 'Dog', 111, 1, 1),
(34532, 'Pomeranian', 'M', '2023-11-12', 'Otto', '200', 'Black', 'Adult', 'HOLDING STRAY', 'Redeemed', 'Dog', 105, 1, 1),
(34534, 'Pomeranian', 'M', '2023-11-12', 'Teddy', '200', 'Brown and white', 'Senior', 'HOLDING STRAY', 'Redeemed', 'Dog', 105, 1, 1),
(34535, 'Pit Bull', 'M/N', '2023-11-12', 'Zeus', '200', 'Grey and White', 'Adult', 'VPD IMPOUND', 'Redeemed', 'Dog', 93, 3, 1),
(34537, 'Lab X', 'F/S', '2023-11-14', 'Buttercup', '200', 'Cream', 'Adult', 'HOLDING STRAY', 'Redeemed', 'Dog', 92, 1, 1),
(34538, 'Pit Bull', 'M/N', '2023-11-15', 'Benjamin', '100', 'Tan & White', 'Adult', 'SEIZED', 'Behavior', 'Dog', 93, 4, 6),
(34542, 'Germ. Shepherd', 'M', '2023-11-16', 'Maxmillion aka Max', '200', 'Brown & Tan', 'Senior', 'SEIZED', 'Redeemed', 'Dog', 109, 4, 1),
(34544, 'Miniature Pinscher', 'F/S', '2023-11-17', 'Bella', '200', 'Black & Tan', 'Senior', 'HOLDING STRAY', 'Sold', 'Dog', 160, 1, 3),
(34545, 'Pit Bull', 'F', '2023-11-17', 'Roxi', '200', 'Black and White', 'Adult', 'HOLDING STRAY', 'Redeemed', 'Dog', 93, 1, 1),
(34548, 'Pit Bull', 'F', '2023-11-20', 'Roxi', '200', 'Black & White', 'Adult', 'HOLDING STRAY', 'Redeemed', 'Dog', 93, 1, 1),
(34549, 'Poodle X', 'F/S', '2023-11-20', 'Remee', '200', 'White', 'Senior', 'HOLDING STRAY', 'Redeemed', 'Dog', 121, 1, 1),
(34550, 'Pit X', 'F', '2023-11-21', 'Dora', '100', 'White & Black', 'Adult', 'SEIZED', 'Court Ordered', 'Dog', 117, 4, 12),
(34552, 'Shiba Inu', 'M', '2023-11-22', 'Shayu', '400', 'White', 'Adult', 'HOLDING STRAY', 'Ride Home Free', 'Dog', 119, 1, 2),
(34553, 'Pit Bull', 'M', '2023-11-22', 'Baby Vegas/DOJA', '100', 'Black w/ White', 'Adult', 'SEIZED', 'Health', 'Dog', 93, 4, 9),
(34554, 'Maltese', 'F', '2023-11-23', 'Daisy', '200', 'White', 'Adult', 'HOLDING STRAY', 'Redeemed', 'Dog', 116, 1, 1),
(34557, 'Pit Bull', 'F', '2023-11-24', 'Tieger', '200', 'Brown, Grey w/ white paws', 'Adult', 'BROUGHT-IN', 'Redeemed', 'Dog', 93, 2, 1),
(34561, 'Labrador', 'F/S', '2023-11-29', 'Darla', '19', 'Black', 'Adult', 'HOLDING STRAY', 'Ride Home Free', 'Dog', 96, 1, 2),
(34562, 'Pit Bull', 'M', '2023-12-01', 'Dante', '200', 'Tan w/white', 'Adult', 'BROUGHT-IN', 'Redeemed', 'Dog', 93, 2, 1),
(34563, 'French Bulldog', 'F', '2023-12-01', 'Griselda', '200', 'White w/Black Spot', 'Adult', 'HOLDING STRAY', 'Redeemed', 'Dog', 124, 1, 1),
(34567, 'Labradoodle', 'F', '2023-12-02', 'Luna', '200', 'Black', 'Adult', 'BROUGHT-IN', 'Redeemed', 'Dog', 162, 2, 1),
(34568, 'Poodle X', 'M', '2023-12-03', 'Bear', '200', 'Black', 'Adult', 'HOLDING STRAY', 'Redeemed', 'Dog', 121, 1, 1),
(34572, 'Lab X', 'F', '2023-12-04', 'Mia', '200', 'Golden w/white', 'Adult', 'HOLDING STRAY', 'Redeemed', 'Dog', 92, 1, 1),
(34573, 'Samoyed', 'M', '2023-12-05', 'Dansy', '200', 'White', 'Adult', 'VPD IMPOUND', 'Redeemed', 'Dog', 135, 3, 1),
(34574, 'German Shepherd X', 'M/N', '2023-12-06', 'Prince', '100', 'Black and Brown', 'Adult', 'HOLDING STRAY', 'Transferred', 'Dog', 168, 1, 5),
(34575, 'Germ. Shepherd', 'M', '2023-12-07', 'Rocky', '400', 'Black and brown', 'Adult', 'HOLDING STRAY', 'Ride Home Free', 'Dog', 109, 1, 2),
(34577, 'Chihuahua X', 'M', '2023-12-10', 'Buddy', '200', 'Tan', 'Adult', 'VPD IMPOUND', 'Redeemed', 'Dog', 134, 3, 1),
(34581, 'Akita', 'M', '2023-12-11', 'Naruto', '200', 'Tan/White', 'Senior', 'HOLDING STRAY', 'Redeemed', 'Dog', 144, 1, 1),
(34583, 'Border Collie', 'F', '2023-12-12', 'Bailey', '200', 'Black', 'Puppy', 'HOLDING STRAY', 'Redeemed', 'Dog', 107, 1, 1),
(34584, 'Border Collie', 'F', '2023-12-12', 'Misty', '200', 'Black', 'Young Adult', 'HOLDING STRAY', 'Redeemed', 'Dog', 107, 1, 1),
(34585, 'Rottweiler X', 'M/N', '2023-12-12', 'Diesel', '200', 'Black w/light brown markings', 'Young Adult', 'HOLDING STRAY', 'Redeemed', 'Dog', 128, 1, 1),
(34586, 'Pit Bull', 'F', '2023-12-13', 'Pearl (New Name)', '100', 'Grey', 'Adult', 'BROUGHT-IN', 'Transferred', 'Dog', 93, 2, 5),
(34591, 'Pit Bull', 'F/S', '2023-12-16', 'Harley', '100', 'White', 'Senior', 'HOLDING STRAY', 'Behavior', 'Dog', 93, 1, 6),
(34592, 'Lab X', 'F', '2023-12-17', 'Mia', '200', 'Brown', 'Adult', 'HOLDING STRAY', 'Redeemed', 'Dog', 92, 1, 1),
(34594, 'Mastiff X', 'F', '2023-12-17', 'Queenie', '400', 'Tan', 'Young Adult', 'HOLDING STRAY', 'Ride Home Free', 'Dog', 152, 1, 2),
(34599, 'Pit Bull', 'F/S', '2023-12-22', 'Hazel', '100', 'White & Black', 'Adult', 'OTHER', 'Behavior', 'Dog', 93, 8, 6),
(34601, 'Pit Bull X', 'F', '2023-12-23', 'Pineapple (new name)', '100', 'Brown', 'Adult', 'HOLDING STRAY', 'Behavior', 'Dog', 140, 1, 6),
(34602, 'Akita', 'M', '2023-12-25', 'Naruto', '200', 'Grey and White', 'Senior', 'BROUGHT-IN', 'Redeemed', 'Dog', 144, 2, 1),
(34603, 'Beagle', 'M/N', '2023-12-26', 'Geordi', '200', 'Tan and brown', 'Adult', 'HOLDING STRAY', 'Redeemed', 'Dog', 111, 1, 1),
(34605, 'Husky', 'M/N', '2023-12-27', 'Maverick', '200', 'White W/Grey & Black', 'Adult', 'BROUGHT-IN', 'Redeemed', 'Dog', 99, 2, 1),
(34606, 'Beagle', 'F/S', '2023-12-27', 'Honey', '400', 'White, Brown & Black', 'Young Adult', 'HOLDING STRAY', 'Ride Home Free', 'Dog', 111, 1, 2),
(34609, 'Shiba Inu', 'M/N', '2023-12-31', 'ZanZan', '200', 'Beige w/white', 'Adult', 'COMPLAINT', 'Redeemed', 'Dog', 119, 6, 1),
(34613, 'Pit Bull', 'F', '2024-01-07', 'Tiea', '200', 'White', 'Adult', 'HOLDING STRAY', 'Redeemed', 'Dog', 93, 1, 1),
(34618, 'Shiba Inu', 'M', '2024-01-12', 'Oreo', '200', 'Black and Tan', 'Adult', 'BROUGHT-IN', 'Redeemed', 'Dog', 119, 2, 1),
(34623, 'Boxer', 'M/N', '2024-01-18', 'Osrik', '200', 'Brown', 'Adult', 'VPD IMPOUND', 'Redeemed', 'Dog', 127, 3, 1),
(34624, 'Jack Russell Terrier', 'F', '2024-01-20', 'Kale', '200', 'White', 'Senior', 'VPD IMPOUND', 'Redeemed', 'Dog', 118, 3, 1),
(34626, 'Miniature Poodle', 'M', '2024-01-21', 'Noodle', '200', 'Brown', 'Adult', 'BROUGHT-IN', 'Redeemed', 'Dog', 133, 2, 1),
(34628, 'Beagle', 'M', '2024-01-22', 'Geordi', '400', 'White, Beige & Brown', 'Senior', 'HOLDING STRAY', 'Ride Home Free', 'Dog', 111, 1, 2),
(34629, 'Shih Tzu', 'F/S', '2024-01-23', 'Hannah (new name)', '200', 'White w/ black & brown on face', 'Puppy', 'HOLDING STRAY', 'Sold', 'Dog', 97, 1, 3),
(34636, 'Rottie X', 'F/S', '2024-01-29', 'Tina', '200', 'Black & Brown', 'Young Adult', 'HOLDING STRAY', 'Sold', 'Dog', 176, 1, 3),
(34638, 'Bichon Frise', 'F', '2024-01-30', 'Luna', '400', 'White', 'Adult', 'HOLDING STRAY', 'Ride Home Free', 'Dog', 130, 1, 2),
(34647, 'Spaniel X', 'M', '2024-02-10', 'Kado', '400', 'Tan and Cream', 'Senior', 'HOLDING STRAY', 'Ride Home Free', 'Dog', 177, 1, 2),
(34649, 'Labrador', 'M', '2024-02-12', 'Stewie', '400', 'Yellow', 'Puppy', 'BROUGHT-IN', 'Ride Home Free', 'Dog', 96, 2, 2),
(34650, 'Retriever', 'M', '2024-02-14', 'Daxton/Teddy', '200', 'Black', 'Adult', 'BROUGHT-IN', 'Redeemed', 'Dog', 115, 2, 1),
(34651, 'German Shepherd X', 'F', '2024-02-14', 'Alena', '200', 'Brown and black', 'Puppy', 'BROUGHT-IN', 'Redeemed', 'Dog', 168, 2, 1),
(34653, 'Maltese', 'F/S', '2024-02-14', 'Casey', '200', 'White', 'Senior', 'BROUGHT-IN', 'Redeemed', 'Dog', 116, 2, 1),
(34654, 'Labradoodle', 'M', '2024-02-15', 'Laddie', '400', 'Brown and cream', 'Young Adult', 'BROUGHT-IN', 'Ride Home Free', 'Dog', 162, 2, 2),
(34655, 'Shiba Inu', 'M/N', '2024-02-15', 'Coco', '200', 'Golden', 'Senior', 'HOLDING STRAY', 'Redeemed', 'Dog', 119, 1, 1),
(34656, 'Chihuahua X', 'F', '2024-02-15', 'Raven', '200', 'Black, brown and tan', 'Adult', 'BROUGHT-IN', 'Redeemed', 'Dog', 134, 2, 1),
(34658, 'Lab X', 'M', '2024-02-16', 'Shadow', '200', 'Black w/white', 'Young Adult', 'BROUGHT-IN', 'Redeemed', 'Dog', 92, 2, 1),
(34659, 'Pit Bull X', 'M', '2024-02-16', 'Junior', '200', 'Brown and White', 'Adult', 'HOLDING STRAY', 'Redeemed', 'Dog', 140, 1, 1),
(34660, 'Husky X', 'M/N', '2024-02-16', 'Buddy', '200', 'Tan and White', 'Senior', 'HOLDING STRAY', 'Redeemed', 'Dog', 102, 1, 1),
(34662, 'Golden Retriever', 'M', '2024-02-18', 'Cooper', '200', 'Golden', 'Puppy', 'BROUGHT-IN', 'Redeemed', 'Dog', 108, 2, 1),
(34663, 'Germ. Shepherd', 'F', '2024-02-18', 'Fendi', '200', 'Black, brown and tan', 'Puppy', 'BROUGHT-IN', 'Redeemed', 'Dog', 109, 2, 1),
(34667, 'Pomeranian', 'M', '2024-02-22', 'Baymax', '200', 'White and tan', 'Adult', 'BROUGHT-IN', 'Redeemed', 'Dog', 105, 2, 1),
(34669, 'Labradoodle', 'M', '2024-02-26', 'Woody', '400', 'Golden', 'Adult', 'HOLDING STRAY', 'Ride Home Free', 'Dog', 162, 1, 2),
(34670, 'Poodle X', 'F', '2024-02-26', 'Penny', '200', 'Apricot', 'Adult', 'HOLDING STRAY', 'Redeemed', 'Dog', 121, 1, 1),
(34672, 'Jack Russell Terrier', 'M', '2024-02-27', 'Paulie', '200', 'Tan w/white chest', 'Adult', 'HOLDING STRAY', 'Redeemed', 'Dog', 118, 1, 1),
(34674, 'Pit Bull X', 'F', '2024-02-29', 'Easy', '100', 'Black and White', 'Adult', 'HOLDING STRAY', 'Behavior', 'Dog', 140, 1, 6),
(34675, 'Beagle', 'M', '2024-02-29', 'Joey (now Basil)', '200', 'Tan & White', 'Puppy', 'HOLDING STRAY', 'Sold', 'Dog', 111, 1, 3),
(34678, 'Samoyed', 'M', '2024-03-03', 'Dansy', '200', 'White', 'Young Adult', 'HOLDING STRAY', 'Redeemed', 'Dog', 135, 1, 1);
INSERT INTO `pets` (`animal_id`, `breed`, `sex`, `date_impounded`, `name`, `kennel_number`, `color`, `age_category`, `source`, `status`, `animal_type`, `breed_id`, `source_id`, `status_id`) VALUES
(34679, 'Pomeranian', 'X', '2024-03-06', 'Pearlie', '100', 'White & Cream', 'Senior', 'VPD IMPOUND', 'Transferred', 'Dog', 105, 3, 5),
(34683, 'Shepherd X', 'M/N', '2024-03-06', 'Chandler (New Name)', '200', 'Brown w/Black', 'Young Adult', 'HOLDING STRAY', 'Sold', 'Dog', 103, 1, 3),
(34684, 'Bichon Frise', 'M', '2024-03-08', 'Snowy/QQ', '200', 'White', 'Adult', 'HOLDING STRAY', 'Redeemed', 'Dog', 130, 1, 1),
(34686, 'Rottweiler', 'F', '2024-03-09', 'Ember (New Name)', '100', 'Black & Tan', 'Adult', 'HOLDING STRAY', 'Transferred', 'Dog', 98, 1, 5),
(34687, 'Samoyed', 'F', '2024-03-09', 'Twenty', '200', 'White', 'Adult', 'BROUGHT-IN', 'Redeemed', 'Dog', 135, 2, 1),
(34688, 'Toy Poodle', 'M', '2024-03-09', 'Lucky', '400', 'Apricot', 'Adult', 'BROUGHT-IN', 'Ride Home Free', 'Dog', 143, 2, 2),
(34691, 'Cat - DSH', 'F', '2024-03-12', 'Hailey\'s Dodge Comet (new name', '100', 'Black', 'Puppy', 'BROUGHT-IN', 'Transferred', 'Cat', 182, 2, 5),
(34692, 'Bichon Frise', 'M/N', '2024-03-15', 'Snowflake', '200', 'White', 'Adult', 'BROUGHT-IN', 'Redeemed', 'Dog', 130, 2, 1),
(34693, 'Lab X', 'M', '2024-03-16', 'Ross (new name)', '100', 'Black', 'Puppy', 'BROUGHT-IN', 'Transferred', 'Dog', 92, 2, 5),
(34694, 'Bichon Frise', 'M/N', '2024-03-16', 'Coco?', '200', 'White', 'Adult', 'BROUGHT-IN', 'Redeemed', 'Dog', 130, 2, 1),
(34696, 'Chow X', 'F', '2024-03-17', 'Casper', '400', 'Brown and Black', 'Senior', 'VPD IMPOUND', 'Ride Home Free', 'Dog', 156, 3, 2),
(34698, 'Lab X', 'M/N', '2024-03-18', 'Oisin', '200', 'White, Black & Brown', 'Adult', 'HOLDING STRAY', 'Redeemed', 'Dog', 92, 1, 1),
(34701, 'Pug', 'F', '2024-03-22', 'Poomba', '200', 'Tan & Black', 'Adult', 'VPD IMPOUND', 'Redeemed', 'Dog', 113, 3, 1),
(34703, 'Lab X', 'M', '2024-03-23', 'Pedro', '200', 'Black and White', 'Puppy', 'HOLDING STRAY', 'Redeemed', 'Dog', 92, 1, 1),
(34704, 'Pit Bull', 'M', '2024-03-25', 'Cujo', '200', 'Cream', 'Adult', 'VPD IMPOUND', 'Redeemed', 'Dog', 93, 3, 1),
(34705, 'Pit Bull', 'F', '2024-03-25', 'Breezy', '200', 'Grey & white', 'Adult', 'HOLDING STRAY', 'Redeemed', 'Dog', 93, 1, 1),
(34706, 'Shih Tzu', 'M/N', '2024-03-25', 'Coco', '200', 'White and Tan', 'Adult', 'HOLDING STRAY', 'Redeemed', 'Dog', 97, 1, 1),
(34710, 'French Bulldog', 'M', '2024-03-28', 'Valentine', '200', 'Tan', 'Adult', 'HOLDING STRAY', 'Redeemed', 'Dog', 124, 1, 1),
(34711, 'Beagle', 'F', '2024-03-30', 'Skye', '200', 'Brown, Black, and White', 'Adult', 'HOLDING STRAY', 'Redeemed', 'Dog', 111, 1, 1),
(34712, 'Cockapoo', 'M', '2024-04-01', 'Dee', '200', 'Golden', 'Young Adult', 'HOLDING STRAY', 'Redeemed', 'Dog', 165, 1, 1),
(34713, 'Schnauzer', 'M/N', '2024-04-02', 'Wesley', '200', 'Black w/ white', 'Adult', 'BROUGHT-IN', 'Redeemed', 'Dog', 142, 2, 1),
(34716, 'Pit Bull', 'M', '2024-04-05', 'Concrete', '400', 'Grey & White', 'Adult', 'BROUGHT-IN', 'Ride Home Free', 'Dog', 93, 2, 2),
(34718, 'Chihuahua', 'M', '2024-04-05', 'Amigo (new name)', '200', 'Golden', 'Puppy', 'BROUGHT-IN', 'Sold', 'Dog', 95, 2, 3),
(34719, 'Lab X', 'F', '2024-04-06', 'Luna', '400', 'Brown', 'Adult', 'HOLDING STRAY', 'Ride Home Free', 'Dog', 92, 1, 2),
(34723, 'Toy Poodle', 'M/N', '2024-04-08', 'Peanut (new name)', '200', 'Brown', 'Adult', 'HOLDING STRAY', 'Sold', 'Dog', 143, 1, 3),
(34726, 'Shiba Inu', 'F', '2024-04-14', 'Buddy', '200', 'Black, Brown and White', 'Adult', 'HOLDING STRAY', 'Redeemed', 'Dog', 119, 1, 1),
(34727, 'Border Collie X', 'M/N', '2024-04-15', 'Manny', '200', 'Black and White', 'Young Adult', 'OWNER-SURRENDERED', 'Sold', 'Dog', 112, 7, 3),
(34729, 'Shiba Inu', 'F', '2024-04-15', 'JoJo', '200', 'Cream', 'Adult', 'HOLDING STRAY', 'Redeemed', 'Dog', 119, 1, 1),
(34731, 'Mastiff X', 'M', '2024-04-16', 'Boss', '48', 'Tan', 'Adult', 'SEIZED', 'Seized', 'Dog', 152, 4, 4),
(34736, 'Siberian Husky', 'F', '2024-04-18', 'Sky', '200', 'White w/Grey & Black', 'Adult', 'HOLDING STRAY', 'Redeemed', 'Dog', 136, 1, 1),
(34737, 'Husky', 'M/N', '2024-04-18', 'Cloud (New name)', '200', 'Black & White', 'Young Adult', 'HOLDING STRAY', 'Sold', 'Dog', 99, 1, 3),
(34742, 'Labrador', 'F/S', '2024-04-23', 'Maya', '200', 'Chocolate w/grey muzzle', 'Senior', 'BROUGHT-IN', 'Redeemed', 'Dog', 96, 2, 1),
(34745, 'Germ. Shepherd', 'F', '2024-04-25', 'Lady', '200', 'Black and Brown', 'Young Adult', 'HOLDING STRAY', 'Redeemed', 'Dog', 109, 1, 1),
(34746, 'Germ. Shepherd', 'M/N', '2024-04-26', 'Oreo', '200', 'Black and Brown', 'Young Adult', 'HOLDING STRAY', 'Redeemed', 'Dog', 109, 1, 1),
(34749, 'Husky X', 'M', '2024-04-28', 'Ghost', '200', 'Brown, Grey and White', 'Young Adult', 'HOLDING STRAY', 'Redeemed', 'Dog', 102, 1, 1),
(34751, 'Chihuahua', 'M', '2024-04-29', 'Mister', '200', 'Cream', 'Senior', 'HOLDING STRAY', 'Redeemed', 'Dog', 95, 1, 1),
(34752, 'German Shepherd X', 'M', '2024-04-29', 'Bjorn', '200', 'Black', 'Adult', 'HOLDING STRAY', 'Redeemed', 'Dog', 168, 1, 1),
(34753, 'German Shepherd X', 'F', '2024-04-29', 'Sweets', '20', 'Black & Brown', 'Adult', 'HOLDING STRAY', 'Redeemed', 'Dog', 168, 1, 1),
(34754, 'Pit Bull', 'F', '2024-04-30', 'Muppy', '200', 'Brown Brindle w/white', 'Adult', 'VPD IMPOUND', 'Redeemed', 'Dog', 93, 3, 1),
(34757, 'Labrador', 'M', '2024-04-30', 'Gus', '200', 'Black', 'Young Adult', 'BROUGHT-IN', 'Redeemed', 'Dog', 96, 2, 1),
(34758, 'Labrador', 'M/N', '2024-05-02', 'Oscar', '200', 'Black', 'Senior', 'MEDICAL', 'Redeemed', 'Dog', 96, 9, 1),
(34759, 'Chihuahua X', 'M/N', '2024-05-04', 'Rupert', '200', 'Cream', 'Adult', 'HOLDING STRAY', 'Redeemed', 'Dog', 134, 1, 1),
(34762, 'Husky', 'F', '2024-05-05', 'Cleo', '200', 'Black, Grey, and White', 'Senior', 'BROUGHT-IN', 'Redeemed', 'Dog', 99, 2, 1),
(34767, 'Germ. Shepherd', 'M', '2024-05-07', 'Rocky', '200', 'Black & Brown', 'Adult', 'BROUGHT-IN', 'Redeemed', 'Dog', 109, 2, 1),
(34771, 'French Bulldog', 'F', '2024-05-09', 'Cookie', '200', 'Tan', 'Adult', 'VPD IMPOUND', 'Redeemed', 'Dog', 124, 3, 1),
(34772, 'French Bulldog', 'F', '2024-05-09', 'Bailey', '200', 'Cream', 'Adult', 'HOLDING STRAY', 'Redeemed', 'Dog', 124, 1, 1),
(34777, 'Pit Bull', 'F', '2024-05-11', 'Blue', '100', 'White and Black', 'Adult', 'SEIZED', 'Behavior', 'Dog', 93, 4, 6),
(34778, 'Pit Bull X', 'F', '2024-05-11', 'Maude (new name)', '200', 'Black and White', 'Puppy', 'SEIZED', 'Redeemed', 'Dog', 140, 4, 1),
(34779, 'Pit Bull X', 'F', '2024-05-11', 'Madonna (new name)', '200', 'Black and White', 'Puppy', 'SEIZED', 'Redeemed', 'Dog', 140, 4, 1),
(34781, 'Chihuahua', 'F', '2024-05-12', 'Ella', '200', 'Red and White', 'Senior', 'HOLDING STRAY', 'Redeemed', 'Dog', 95, 1, 1),
(34782, 'Terrier X', 'M', '2024-05-13', 'Jack', '200', 'Black', 'Adult', 'HOLDING STRAY', 'Redeemed', 'Dog', 104, 1, 1),
(34785, 'Pit Bull', 'M', '2024-05-14', 'Keanu (new name)', '100', 'Grey', 'Young Adult', 'BROUGHT-IN', 'Behavior', 'Dog', 93, 2, 6),
(34787, 'Pit Bull X', 'F', '2024-05-17', 'Gina', '400', 'Tan', 'Young Adult', 'HOLDING STRAY', 'Ride Home Free', 'Dog', 140, 1, 2),
(34789, 'Spaniel X', 'F', '2024-05-17', 'Juno', '400', 'Black and White', 'Adult', 'BROUGHT-IN', 'Ride Home Free', 'Dog', 177, 2, 2),
(34790, 'Germ. Shepherd', 'M/N', '2024-05-18', 'Wulfgang', '100', 'Black w/tan', 'Adult', 'HOLDING STRAY', 'Behavior', 'Dog', 109, 1, 6),
(34791, 'Germ. Shepherd', 'F', '2024-05-18', 'Dixie (was Winnie)', '100', 'Black and Tan', 'Adult', 'HOLDING STRAY', 'Transferred', 'Dog', 109, 1, 5),
(34795, 'Pit Bull X', 'F', '2024-05-20', 'Mia', '200', 'Tan', 'Adult', 'VPD IMPOUND', 'Redeemed', 'Dog', 140, 3, 1),
(34800, 'Cat - DSH', 'X', '2024-05-23', '', '100', 'Orange & White', 'Adult', 'BROUGHT-IN', 'Transferred', 'Cat', 182, 2, 5),
(34801, 'Germ. Shepherd', 'M', '2024-05-23', 'Doby', '400', 'Brown & Black', 'Young Adult', 'HOLDING STRAY', 'Ride Home Free', 'Dog', 109, 1, 2),
(34805, 'Pit Bull X', 'M/N', '2024-05-27', 'Cheddar', '100', 'Cream', 'Adult', 'BROUGHT-IN', 'Behavior', 'Dog', 140, 2, 6),
(34808, 'Husky', 'F', '2024-05-29', 'Sky', '200', 'Grey & White', 'Adult', 'BROUGHT-IN', 'Redeemed', 'Dog', 99, 2, 1),
(34810, 'Boxer', 'M/N', '2024-05-30', 'Osrik', '200', 'Brown', 'Senior', 'VPD IMPOUND', 'Redeemed', 'Dog', 127, 3, 1),
(34813, 'Yorkie X', 'M', '2024-06-01', 'Bugs', '200', 'Brown, tan, & black', 'Adult', 'BROUGHT-IN', 'Redeemed', 'Dog', 132, 2, 1),
(34815, 'Pit Bull', 'F', '2024-06-03', 'Sunset (new name)', '100', 'Grey and White', 'Senior', 'HOLDING STRAY', 'Transferred', 'Dog', 93, 1, 5),
(34816, 'Siberian Husky', 'F', '2024-06-03', 'Skeeter', '200', 'White', 'Adult', 'BROUGHT-IN', 'Redeemed', 'Dog', 136, 2, 1),
(34817, 'Jack Russell Terrier', 'M/N', '2024-06-05', 'Ozzy', '400', 'White & Tan', 'Senior', 'BROUGHT-IN', 'Ride Home Free', 'Dog', 118, 2, 2),
(34818, 'Husky', 'F', '2024-06-08', 'Toshka (new name)', '200', 'Black & White', 'Puppy', 'HOLDING STRAY', 'Sold', 'Dog', 99, 1, 3),
(34821, 'Chihuahua', 'M/N', '2024-06-08', 'Gideon (new name)', '100', 'Brown', 'Adult', 'HOLDING STRAY', 'Transferred', 'Dog', 95, 1, 5),
(34824, 'French Bulldog', 'F', '2024-06-09', 'Amie', '100', 'Tan w/black', 'Adult', 'HOLDING STRAY', 'Transferred', 'Dog', 124, 1, 5),
(34830, 'Pomeranian', 'M/N', '2024-06-12', 'Tater Tot (new name was Nico)', '200', 'Brown & Tan', 'Adult', 'BROUGHT-IN', 'Sold', 'Dog', 105, 2, 3),
(34832, 'Pit Bull X', 'M', '2024-06-14', 'Chosen', '200', 'Tan & White', 'Young Adult', 'VPD IMPOUND', 'Redeemed', 'Dog', 140, 3, 1),
(34833, 'Pit Bull', 'F', '2024-06-14', 'Erma', '200', 'Brown', 'Puppy', 'VPD IMPOUND', 'Redeemed', 'Dog', 93, 3, 1),
(34834, 'Pit Bull', 'F', '2024-06-14', 'Diamond', '200', 'White & Brown', 'Puppy', 'VPD IMPOUND', 'Redeemed', 'Dog', 93, 3, 1),
(34835, 'Pit Bull', 'M', '2024-06-14', 'Clipz', '200', 'White & Brown', 'Puppy', 'VPD IMPOUND', 'Redeemed', 'Dog', 93, 3, 1),
(34836, 'Golden Retriever', 'M', '2024-06-14', 'Coco', '200', 'Golden', 'Young Adult', 'HOLDING STRAY', 'Redeemed', 'Dog', 108, 1, 1),
(34837, 'Yorkshire Terrier', 'M', '2024-06-14', 'Randall', '200', 'Tan & Black', 'Adult', 'VPD IMPOUND', 'Redeemed', 'Dog', 126, 3, 1),
(34838, 'Miniature Poodle', 'M/N', '2024-06-14', 'Ody', '400', 'White', 'Adult', 'HOLDING STRAY', 'Ride Home Free', 'Dog', 133, 1, 2),
(34839, 'Pit Bull', 'M', '2024-06-15', 'Shadow', '200', 'Black & White', 'Puppy', 'HOLDING STRAY', 'Redeemed', 'Dog', 93, 1, 1),
(34841, 'Maltese', 'M', '2024-06-17', 'Tito', '200', 'White', 'Senior', 'HOLDING STRAY', 'Redeemed', 'Dog', 116, 1, 1),
(34842, 'German Shepherd X', 'M', '2024-06-17', 'Coda', '200', 'Black, Brown & White', 'Adult', 'HOLDING STRAY', 'Redeemed', 'Dog', 168, 1, 1),
(34843, 'Shepherd X', 'F', '2024-06-21', 'Terra', '200', 'Brown & Red', 'Adult', 'BROUGHT-IN', 'Redeemed', 'Dog', 103, 2, 1),
(34844, 'Labrador', 'M', '2024-06-21', 'Molly', '400', 'Black', 'Adult', 'HOLDING STRAY', 'Ride Home Free', 'Dog', 96, 1, 2),
(34846, 'Shih Tzu X', 'M', '2024-06-23', 'Ben', '200', 'Brown & Grey', 'Adult', 'VPD IMPOUND', 'Redeemed', 'Dog', 129, 3, 1),
(34855, 'Boston Terrier', 'M', '2024-06-29', 'Jax', '400', 'Brown & White', 'Young Adult', 'HOLDING STRAY', 'Ride Home Free', 'Dog', 131, 1, 2),
(34867, 'Husky', 'F', '2024-07-04', 'Sky', '200', 'Black & White', 'Adult', 'HOLDING STRAY', 'Redeemed', 'Dog', 99, 1, 1),
(34873, 'Germ. Shepherd', 'M', '2024-07-08', 'Bao', '200', 'Black & Brown', 'Adult', 'VPD IMPOUND', 'Redeemed', 'Dog', 109, 3, 1),
(34874, 'French Bulldog', 'F/S', '2024-07-08', 'Bailey', '200', 'White', 'Young Adult', 'HOLDING STRAY', 'Redeemed', 'Dog', 124, 1, 1),
(34875, 'Pitbull X', 'M', '2024-07-09', 'Zuka', '400', 'Black w/ white', 'Adult', 'HOLDING STRAY', 'Ride Home Free', 'Dog', 123, 1, 2),
(34876, 'Pit Bull', 'M', '2024-07-09', 'Shadow', '200', 'Black w/White chest', 'Adult', 'BROUGHT-IN', 'Redeemed', 'Dog', 93, 2, 1),
(34877, 'Maltese', 'M', '2024-07-10', 'Benji', '200', 'Cream', 'Young Adult', 'HOLDING STRAY', 'Redeemed', 'Dog', 116, 1, 1),
(34881, 'Rottweiler X', 'F', '2024-07-11', 'Kono', '200', 'Black & Brown', 'Adult', 'HOLDING STRAY', 'Redeemed', 'Dog', 128, 1, 1),
(34882, 'Germ. Shepherd', 'F', '2024-07-12', 'Xiaobai', '200', 'White', 'Adult', 'HOLDING STRAY', 'Redeemed', 'Dog', 109, 1, 1),
(34883, 'Germ. Shepherd', 'M', '2024-07-12', 'Sacai', '200', 'Black & Brown', 'Adult', 'HOLDING STRAY', 'Redeemed', 'Dog', 109, 1, 1),
(34884, 'Boxer', 'M', '2024-07-12', 'Osrick', '200', 'Brown', 'Adult', 'MEDICAL', 'Redeemed', 'Dog', 127, 9, 1),
(34887, 'Golden Retriever', 'F', '2024-07-13', 'Ginger', '200', 'Golden', 'Senior', 'VPD IMPOUND', 'Redeemed', 'Dog', 108, 3, 1),
(34888, 'Chihuahua X', 'M', '2024-07-13', 'Jacob', '200', 'Brown', 'Adult', 'VPD IMPOUND', 'Redeemed', 'Dog', 134, 3, 1),
(34889, 'French Bulldog', 'F', '2024-07-13', 'Kiki', '200', 'White', 'Adult', 'VPD IMPOUND', 'Redeemed', 'Dog', 124, 3, 1),
(34890, 'Shiba Inu', 'M', '2024-07-13', 'Hanzo', '200', 'Apricot', 'Adult', 'VPD IMPOUND', 'Redeemed', 'Dog', 119, 3, 1),
(34891, 'Toy Poodle', 'F', '2024-07-13', 'Hazel', '200', 'Apricot', 'Adult', 'BROUGHT-IN', 'Redeemed', 'Dog', 143, 2, 1),
(34892, 'Border Collie', 'F', '2024-07-13', 'Hattie (new name) was Clover', '200', 'Black & White', 'Puppy', 'HOLDING STRAY', 'Sold', 'Dog', 107, 1, 3),
(34894, 'Jack Russell Terrier', 'M', '2024-07-14', 'Milton', '200', 'Black & White', 'Senior', 'VPD IMPOUND', 'Redeemed', 'Dog', 118, 3, 1),
(34895, 'Jack Russell Terrier', 'M', '2024-07-14', 'George', '200', 'Brown & White', 'Senior', 'VPD IMPOUND', 'Redeemed', 'Dog', 118, 3, 1),
(34897, 'French Bulldog', 'M', '2024-07-15', 'Tank', '200', 'Brown', 'Senior', 'HOLDING STRAY', 'Redeemed', 'Dog', 124, 1, 1),
(34898, 'Pit Bull', 'M', '2024-07-16', 'Ollie', '200', 'Tan & White', 'Adult', 'HOLDING STRAY', 'Redeemed', 'Dog', 93, 1, 1),
(34899, 'Pit Bull', 'F', '2024-07-16', 'Muppy', '200', 'Brindle & White', 'Adult', 'HOLDING STRAY', 'Redeemed', 'Dog', 93, 1, 1),
(34900, 'Pit Bull', 'M', '2024-07-19', 'Shadow', '200', 'Black w/white', 'Adult', 'VPD IMPOUND', 'Redeemed', 'Dog', 93, 3, 1),
(34901, 'Chihuahua X', 'M/N', '2024-07-20', 'Jojo', '100', 'Tan', 'Adult', 'VPD IMPOUND', 'Transferred', 'Dog', 134, 3, 5),
(34902, 'Terrier', 'F', '2024-07-20', 'Meisha', '100', 'Grey', 'Adult', 'VPD IMPOUND', 'Transferred', 'Dog', 154, 3, 5),
(34903, 'Chihuahua X', 'M/N', '2024-07-20', 'Chuwee', '200', 'Cream', 'Senior', 'BROUGHT-IN', 'Redeemed', 'Dog', 134, 2, 1),
(34904, 'Pomeranian', 'F', '2024-07-20', 'Brandy', '400', 'Black & Brown', 'Adult', 'HOLDING STRAY', 'Ride Home Free', 'Dog', 105, 1, 2),
(34905, 'Terrier', 'F/S', '2024-07-21', 'Scruffy', '200', 'White', 'Senior', 'VPD IMPOUND', 'Redeemed', 'Dog', 154, 3, 1),
(34906, 'Bird, Budgie', 'F', '2024-07-21', 'Olive (New Name)', '200', 'Green & Yellow', 'Adult', 'HOLDING STRAY', 'Sold', 'Bird', 184, 1, 3),
(34908, 'Cat - DMH', 'F/S', '2024-07-22', 'Mittens', '100', 'Black & White', 'Senior', 'VPD IMPOUND', 'Transferred', 'Cat', 183, 3, 5),
(34909, 'Chihuahua', 'M', '2024-07-22', 'Cheese', '400', 'Golden', 'Young Adult', 'BROUGHT-IN', 'Ride Home Free', 'Dog', 95, 2, 2),
(34911, 'Germ. Shepherd', 'F/S', '2024-07-23', 'Pepsi', '200', 'Black & Tan', 'Adult', 'HOLDING STRAY', 'Redeemed', 'Dog', 109, 1, 1),
(34912, 'Husky X', 'M', '2024-07-24', 'Buddy', '200', 'White/Cream', 'Adult', 'VPD IMPOUND', 'Redeemed', 'Dog', 102, 3, 1),
(34913, 'Pit Bull X', 'M', '2024-07-24', 'Junior', '200', 'White w/Brown', 'Adult', 'VPD IMPOUND', 'Redeemed', 'Dog', 140, 3, 1),
(34914, 'Siberian Husky', 'M/N', '2024-07-24', 'Skoll', '200', 'White', 'Adult', 'BROUGHT-IN', 'Redeemed', 'Dog', 136, 2, 1),
(34915, 'Toy Poodle', 'F', '2024-07-26', 'Roxy', '200', 'Brown', 'Senior', 'HOLDING STRAY', 'Redeemed', 'Dog', 143, 1, 1),
(34918, 'Pit X', 'F', '2024-07-27', 'Luna?', '200', 'Tan w/Black', 'Young Adult', 'BROUGHT-IN', 'Redeemed', 'Dog', 117, 2, 1),
(34920, 'Pitbull', 'M', '2024-07-28', 'Ollie', '200', 'Tan', 'Adult', 'VPD IMPOUND', 'Redeemed', 'Dog', 101, 3, 1),
(34924, 'Toy Poodle', 'F', '2024-07-30', 'Roxy', '200', 'Brown', 'Young Adult', 'HOLDING STRAY', 'Redeemed', 'Dog', 143, 1, 1),
(34927, 'Terrier X', 'F/S', '2024-07-31', 'Dasha (Was Rae)', '200', 'Golden & Beige', 'Adult', 'VPD IMPOUND', 'Sold', 'Dog', 104, 3, 3),
(34932, 'Border Collie', 'M/N', '2024-08-01', 'Bodie (formerly Sandy)', '100', 'Black & White', 'Young Adult', 'HOLDING STRAY', 'Transferred', 'Dog', 107, 1, 5),
(34935, 'Labradoodle', 'M/N', '2024-08-01', 'Tucker', '400', 'Brown', 'Adult', 'HOLDING STRAY', 'Ride Home Free', 'Dog', 162, 1, 2),
(34936, 'Retriever', 'F/S', '2024-08-02', 'Lucy', '200', 'White', 'Senior', 'HOLDING STRAY', 'Redeemed', 'Dog', 115, 1, 1),
(34937, 'Yorkie X', 'M/N', '2024-08-02', 'Mino', '200', 'Cream/Tan', 'Adult', 'BROUGHT-IN', 'Redeemed', 'Dog', 132, 2, 1),
(34938, 'Lab X', 'M', '2024-08-02', 'Buddy', '200', 'Brown & White', 'Adult', 'HOLDING STRAY', 'Redeemed', 'Dog', 92, 1, 1),
(34939, 'Husky X', 'M', '2024-08-02', 'Junior', '200', 'White', 'Adult', 'HOLDING STRAY', 'Redeemed', 'Dog', 102, 1, 1),
(34942, 'Germ. Shepherd', 'F', '2024-08-03', 'Figgy (new name)', '100', 'Black & Brown', 'Puppy', 'HOLDING STRAY', 'Transferred', 'Dog', 109, 1, 5),
(34944, 'Labrador X', 'F', '2024-08-04', 'Tomasa', '200', 'Black', 'Adult', 'HOLDING STRAY', 'Redeemed', 'Dog', 146, 1, 1),
(34946, 'Cat - DMH', 'X', '2024-08-06', '', '100', 'Black w/ white face', 'Adult', 'VPD IMPOUND', 'Transferred', 'Cat', 183, 3, 5),
(34947, 'Cat - DMH', 'X', '2024-08-06', '', '100', 'Black w/ white face', 'Adult', 'VPD IMPOUND', 'Transferred', 'Cat', 183, 3, 5),
(34948, 'Miniature Poodle', 'F', '2024-08-07', 'Petunia (was Tulip)', '200', 'Black', 'Puppy', 'BROUGHT-IN', 'Sold', 'Dog', 133, 2, 3),
(34949, 'Pomeranian', 'M', '2024-08-08', 'Burt', '200', 'Cream', 'Adult', 'HOLDING STRAY', 'Redeemed', 'Dog', 105, 1, 1),
(34950, 'Pit Bull', 'M', '2024-08-09', 'Shadow', '200', 'Black', 'Adult', 'BROUGHT-IN', 'Redeemed', 'Dog', 93, 2, 1),
(34951, 'Golden Retriever', 'M', '2024-08-09', 'Thorin', '200', 'White', 'Puppy', 'HOLDING STRAY', 'Redeemed', 'Dog', 108, 1, 1),
(34955, 'Boxer', 'M/N', '2024-08-12', 'Ryder', '400', 'Brown w/ White', 'Adult', 'BROUGHT-IN', 'Ride Home Free', 'Dog', 127, 2, 2),
(34958, 'Husky', 'F', '2024-08-13', 'Aspen (new Name)', '200', 'Black & White', 'Young Adult', 'HOLDING STRAY', 'Sold', 'Dog', 99, 1, 3),
(34959, 'Toy Poodle', 'F', '2024-08-13', 'Roxy', '200', 'Brown', 'Young Adult', 'HOLDING STRAY', 'Redeemed', 'Dog', 143, 1, 1),
(34961, 'Pit Bull', 'M', '2024-08-16', 'Mr. Beef', '200', 'Brown w/ White', 'Adult', 'HOLDING STRAY', 'Redeemed', 'Dog', 93, 1, 1),
(34962, 'Chihuahua', 'M/N', '2024-08-17', 'Bonbon', '200', 'Cream', 'Senior', 'VPD IMPOUND', 'Redeemed', 'Dog', 95, 3, 1),
(34963, 'Cockapoo', 'F', '2024-08-17', 'Stella (was Parsley)', '200', 'Black & Cream', 'Young Adult', 'HOLDING STRAY', 'Sold', 'Dog', 165, 1, 3),
(34965, 'Miniature Poodle', 'F', '2024-08-17', 'Roxy', '200', 'Tan', 'Adult', 'HOLDING STRAY', 'Redeemed', 'Dog', 133, 1, 1),
(34966, 'Border Collie', 'F/S', '2024-08-18', 'Tia', '200', 'Black & White', 'Young Adult', 'BROUGHT-IN', 'Redeemed', 'Dog', 107, 2, 1),
(34968, 'Pomeranian', 'F', '2024-08-18', 'Suzie', '200', 'Golden w/ black', 'Young Adult', 'BROUGHT-IN', 'Redeemed', 'Dog', 105, 2, 1),
(34971, 'Chihuahua', 'M', '2024-08-19', 'Chico', '200', 'Tan', 'Puppy', 'HOLDING STRAY', 'Redeemed', 'Dog', 95, 1, 1),
(34975, 'Pit Bull', 'F', '2024-08-23', 'Frankie Doodlez', '200', 'Silver', 'Senior', 'HOLDING STRAY', 'Redeemed', 'Dog', 93, 1, 1),
(34976, 'Bird, Pigeon', 'X', '2024-08-24', '', '100', 'White w/ grey', 'Adult', 'BROUGHT-IN', 'Transferred', 'Bird', 185, 2, 5),
(34977, 'Germ. Shepherd', 'F/S', '2024-08-24', 'Maisy (was Gracie)', '200', 'Black and tan', 'Adult', 'BROUGHT-IN', 'Sold', 'Dog', 109, 2, 3),
(34978, 'Border Collie', 'F', '2024-08-25', 'Jasper', '200', 'Black, White w/ beige', 'Senior', 'HOLDING STRAY', 'Redeemed', 'Dog', 107, 1, 1),
(34980, 'Germ. Shepherd', 'F', '2024-08-25', 'Chloe', '400', 'Black w/ White & Beige', 'Senior', 'HOLDING STRAY', 'Ride Home Free', 'Dog', 109, 1, 2),
(34981, 'Bird, Pigeon', 'X', '2024-08-27', '', '100', 'White w/ brown', 'Adult', 'BROUGHT-IN', 'Transferred', 'Bird', 185, 2, 5),
(34983, 'Pit Bull X', 'M/N', '2024-08-27', 'Zuka', '200', 'Black w/ White', 'Adult', 'BROUGHT-IN', 'Redeemed', 'Dog', 140, 2, 1),
(34984, 'Dachshund', 'F/S', '2024-08-27', 'Ella', '200', 'Black & Tan', 'Senior', 'HOLDING STRAY', 'Redeemed', 'Dog', 150, 1, 1),
(34986, 'Pomeranian', 'M', '2024-08-28', 'Pippin', '400', 'Black w/ brown', 'Young Adult', 'BROUGHT-IN', 'Ride Home Free', 'Dog', 105, 2, 2),
(34987, 'Pit Bull X', 'F', '2024-08-28', 'Mumoo', '200', 'Black & White', 'Young Adult', 'HOLDING STRAY', 'Redeemed', 'Dog', 140, 1, 1),
(34988, 'Pit Bull X', 'F', '2024-08-28', 'Skona', '200', 'Brindle', 'Young Adult', 'HOLDING STRAY', 'Redeemed', 'Dog', 140, 1, 1),
(34989, 'Rottweiler', 'M', '2024-08-29', 'Kingston', '200', 'Black & Brown', 'Adult', 'BROUGHT-IN', 'Redeemed', 'Dog', 98, 2, 1),
(34991, 'Bird, Budgie', 'M', '2024-08-30', 'Sapphire (New Name)', '100', 'Blue, black & white', 'Puppy', 'HOLDING STRAY', 'Escaped', 'Bird', 184, 1, 16),
(34992, 'Labrador', 'M', '2024-08-31', 'Drake', '200', 'Brown', 'Adult', 'MEDICAL', 'Redeemed', 'Dog', 96, 9, 1),
(35001, 'Bichon Frise', 'F', '2024-09-06', 'Lexi', '400', 'White', 'Adult', 'BROUGHT-IN', 'Ride Home Free', 'Dog', 130, 2, 2),
(35003, 'Husky', 'F', '2024-09-09', 'Dasha', '200', 'White w/Grey', 'Senior', 'HOLDING STRAY', 'Redeemed', 'Dog', 99, 1, 1),
(35006, 'Samoyed', 'F', '2024-09-23', 'Misha', '200', 'White', 'Puppy', 'BROUGHT-IN', 'Redeemed', 'Dog', 135, 2, 1),
(35007, 'Samoyed', 'M', '2024-09-23', 'Echo', '200', 'White', 'Puppy', 'BROUGHT-IN', 'Redeemed', 'Dog', 135, 2, 1),
(35009, 'Mastiff X', 'M/N', '2024-09-12', 'Hades', '200', 'Brown & Tan Brindle', 'Adult', 'VPD IMPOUND', 'Redeemed', 'Dog', 152, 3, 1),
(35010, 'Pit Bull X', 'F', '2024-09-13', 'Lola', '200', 'Tan', 'Adult', 'VPD IMPOUND', 'Redeemed', 'Dog', 140, 3, 1),
(35015, 'Poodle X', 'M', '2024-09-15', 'Buddy', '200', 'Black', 'Adult', 'HOLDING STRAY', 'Redeemed', 'Dog', 121, 1, 1),
(35018, 'Bichon Frise', 'M/N', '2024-09-16', 'Lucas', '200', 'White', 'Senior', 'HOLDING STRAY', 'Redeemed', 'Dog', 130, 1, 1),
(35021, 'Golden Retriever', 'F', '2024-09-16', 'Maya', '200', 'Golden', 'Adult', 'HOLDING STRAY', 'Redeemed', 'Dog', 108, 1, 1),
(35023, 'Bird, Pigeon', 'X', '2024-09-17', '', '100', 'Black, Grey & White', 'Adult', 'HOLDING STRAY', 'Transferred', 'Bird', 185, 1, 5),
(35030, 'Pit Bull', 'F/S', '2024-09-21', 'Lola', '200', 'Red', 'Adult', 'VPD IMPOUND', 'Redeemed', 'Dog', 93, 3, 1),
(35031, 'Maltese X', 'M/N', '2024-09-22', 'Jingle', '200', 'White', 'Adult', 'HOLDING STRAY', 'Redeemed', 'Dog', 158, 1, 1),
(35032, 'Pit Bull', 'F/S', '2024-09-26', 'Mia', '400', 'Black/Brown', 'Adult', 'BROUGHT-IN', 'Ride Home Free', 'Dog', 93, 2, 2),
(35033, 'Shiba Inu', 'M/N', '2024-09-26', 'Axi', '200', 'Brown', 'Adult', 'HOLDING STRAY', 'Redeemed', 'Dog', 119, 1, 1),
(35034, 'Pit Bull X', 'F/S', '2024-09-26', 'Lola', '200', 'Brown', 'Adult', 'HOLDING STRAY', 'Redeemed', 'Dog', 140, 1, 1),
(35035, 'Miniature Pinscher', 'F', '2024-09-29', 'Raven', '200', 'Black & brown', 'Adult', 'HOLDING STRAY', 'Redeemed', 'Dog', 160, 1, 1),
(35037, 'Chihuahua', 'M', '2024-10-01', 'Orca', '200', 'Black & White', 'Adult', 'HOLDING STRAY', 'Redeemed', 'Dog', 95, 1, 1),
(35040, 'Shiba Inu', 'F', '2024-10-02', 'Bell', '200', 'Cream', 'Adult', 'HOLDING STRAY', 'Redeemed', 'Dog', 119, 1, 1),
(35041, 'Beagle', 'F', '2024-10-02', 'Susanna', '200', 'Brown and white', 'Senior', 'HOLDING STRAY', 'Redeemed', 'Dog', 111, 1, 1),
(35046, 'Shiba Inu', 'M', '2024-10-05', 'Coke', '200', 'Black & white', 'Adult', 'HOLDING STRAY', 'Redeemed', 'Dog', 119, 1, 1),
(35050, 'Pomeranian', 'M/N', '2024-10-10', 'Brisk', '400', 'Yellow', 'Senior', 'HOLDING STRAY', 'Ride Home Free', 'Dog', 105, 1, 2),
(35054, 'Shiba Inu', 'M/N', '2024-10-13', 'Haki', '400', 'Light Brown/Cream', 'Young Adult', 'HOLDING STRAY', 'Ride Home Free', 'Dog', 119, 1, 2),
(35056, 'Rottweiler', 'F', '2024-10-13', 'Luna', '400', 'Black w/Brown', 'Adult', 'BROUGHT-IN', 'Ride Home Free', 'Dog', 98, 2, 2),
(35061, 'Yorkie X', 'F', '2024-10-17', 'Guido', '200', 'Black, grey & white', 'Adult', 'BROUGHT-IN', 'Redeemed', 'Dog', 132, 2, 1),
(35065, 'Malamute', 'M', '2024-10-19', 'Haha', '200', 'Black, brown & grey', 'Young Adult', 'HOLDING STRAY', 'Redeemed', 'Dog', 139, 1, 1),
(35066, 'Chihuahua', 'M', '2024-10-20', 'Tigger', '200', 'Brown', 'Adult', 'MEDICAL', 'Redeemed', 'Dog', 95, 9, 1),
(35067, 'Pit Bull', 'M/N', '2024-10-20', 'Atticus (new name)', '100', 'Black', 'Adult', 'HOLDING STRAY', 'Transferred', 'Dog', 93, 1, 5),
(35068, 'Pit Bull', 'F/S', '2024-10-21', 'Dog', '200', 'White w/Beige', 'Adult', 'VPD IMPOUND', 'Redeemed', 'Dog', 93, 3, 1),
(35072, 'Lab X', 'M/N', '2024-10-24', 'Oscar', '200', 'Black', 'Adult', 'VPD IMPOUND', 'Redeemed', 'Dog', 92, 3, 1),
(35075, 'Husky', 'F', '2024-10-25', 'Mia', '200', 'White', 'Adult', 'HOLDING STRAY', 'Redeemed', 'Dog', 99, 1, 1),
(35080, 'Terrier X', 'M', '2024-10-30', 'Biscuit', '200', 'Cream', 'Adult', 'HOLDING STRAY', 'Redeemed', 'Dog', 104, 1, 1),
(35083, 'Labrador', 'F', '2024-11-01', 'Indy', '200', 'Black', 'Senior', 'HOLDING STRAY', 'Redeemed', 'Dog', 96, 1, 1),
(35086, 'Pit Bull', 'M', '2024-11-04', 'Concrete', '200', 'Grey w/ White', 'Adult', 'BROUGHT-IN', 'Redeemed', 'Dog', 93, 2, 1),
(35088, 'Yorkie X', 'F', '2024-11-06', 'Bentley', '200', 'Tan & Cream', 'Adult', 'HOLDING STRAY', 'Redeemed', 'Dog', 132, 1, 1),
(35089, 'Pit X', 'F/S', '2024-11-10', 'Charlie', '200', 'Black w/ white', 'Adult', 'VPD IMPOUND', 'Redeemed', 'Dog', 117, 3, 1),
(35093, 'Shih Tzu', 'F', '2024-11-15', 'Nina', '200', 'Brown, Tan & White', 'Adult', 'MEDICAL', 'Redeemed', 'Dog', 97, 9, 1),
(35096, 'Akita', 'M', '2024-11-19', 'Kaiser', '200', 'Golden', 'Adult', 'BROUGHT-IN', 'Redeemed', 'Dog', 144, 2, 1),
(35097, 'Malamute X', 'M', '2024-11-20', 'Koda', '200', 'Black & Tan', 'Adult', 'VPD IMPOUND', 'Redeemed', 'Dog', 163, 3, 1),
(35099, 'Border Collie', 'M/N', '2024-11-20', 'MaoMao', '200', 'Black & White', 'Adult', 'HOLDING STRAY', 'Redeemed', 'Dog', 107, 1, 1),
(35101, 'Pit Bull X', 'M', '2024-11-22', 'Max', '200', 'Black & white', 'Adult', 'HOLDING STRAY', 'Redeemed', 'Dog', 140, 1, 1),
(35104, 'Chihuahua', 'M', '2024-11-25', 'Louie', '200', 'Golden', 'Adult', 'HOLDING STRAY', 'Redeemed', 'Dog', 95, 1, 1),
(35105, 'Chihuahua', 'M', '2024-11-25', 'Hubert', '200', 'Golden w/white chest', 'Adult', 'BROUGHT-IN', 'Redeemed', 'Dog', 95, 2, 1),
(35106, 'Pit X', 'M', '2024-11-25', 'Chevy', '400', 'Red', 'Young Adult', 'HOLDING STRAY', 'Ride Home Free', 'Dog', 117, 1, 2),
(35107, 'Shiba Inu', 'M/N', '2024-11-27', 'Sha-yu', '400', 'White', 'Adult', 'BROUGHT-IN', 'Ride Home Free', 'Dog', 119, 2, 2),
(35109, 'Husky', 'F/S', '2024-11-28', 'Haku', '200', 'White & Golden', 'Adult', 'HOLDING STRAY', 'Redeemed', 'Dog', 99, 1, 1),
(35113, 'Terrier X', 'F', '2024-11-29', 'Scarlet Muffin', '200', 'Cream', 'Senior', 'HOLDING STRAY', 'Redeemed', 'Dog', 104, 1, 1),
(35114, 'Labrador', 'F/S', '2024-11-30', 'Lola', '400', 'Black', 'Adult', 'HOLDING STRAY', 'Ride Home Free', 'Dog', 96, 1, 2),
(35118, 'Poodle X', 'M', '2024-12-03', 'Sebi', '200', 'White and gray', 'Young Adult', 'HOLDING STRAY', 'Redeemed', 'Dog', 121, 1, 1),
(35128, 'Pit Bull', 'F', '2024-12-11', 'Chloe', '200', 'White & Grey', 'Adult', 'VPD IMPOUND', 'Redeemed', 'Dog', 93, 3, 1),
(35129, 'Jack Russell Terrier', 'F', '2024-12-11', 'Clover', '200', 'Brown & white', 'Adult', 'HOLDING STRAY', 'Redeemed', 'Dog', 118, 1, 1),
(35131, 'Akita', 'F', '2024-12-13', 'Nori (new name, was Veda)', '200', 'Cream & Brown', 'Senior', 'VPD IMPOUND', 'Sold', 'Dog', 144, 3, 3),
(35132, 'Akita', 'M', '2024-12-13', 'Okami (new name, was Noah)', '100', 'Cream & Brown', 'Young Adult', 'VPD IMPOUND', 'Behavior', 'Dog', 144, 3, 6),
(35133, 'Akita', 'M', '2024-12-13', 'Toby', '200', 'Brown w/black', 'Adult', 'VPD IMPOUND', 'Redeemed', 'Dog', 144, 3, 1),
(35134, 'Akita', 'F', '2024-12-13', 'Sarah', '200', 'Brown w/black', 'Young Adult', 'VPD IMPOUND', 'Redeemed', 'Dog', 144, 3, 1),
(35136, 'Akita', 'F', '2024-12-13', 'Miriam', '200', 'White & Brown', 'Puppy', 'VPD IMPOUND', 'Redeemed', 'Dog', 144, 3, 1),
(35137, 'Akita', 'F', '2024-12-13', 'Sachiko (new name, was Leah)', '100', 'Cream & Brown', 'Young Adult', 'VPD IMPOUND', 'Behavior', 'Dog', 144, 3, 6),
(35140, 'Yorkie X', 'M', '2024-12-14', 'Skittles Jr', '200', 'Grey & white', 'Adult', 'BROUGHT-IN', 'Redeemed', 'Dog', 132, 2, 1),
(35141, 'Cat - DSH', 'F', '2024-12-14', '', '100', 'Black', 'Puppy', 'HOLDING STRAY', 'Transferred', 'Cat', 182, 1, 5),
(35145, 'Lab X', 'M/N', '2024-12-15', 'Boston', '200', 'Yellow', 'Adult', 'HOLDING STRAY', 'Redeemed', 'Dog', 92, 1, 1),
(35146, 'Beagle', 'M/N', '2024-12-15', 'Sausage', '200', 'White', 'Adult', 'HOLDING STRAY', 'Redeemed', 'Dog', 111, 1, 1),
(35147, 'Pomeranian', 'F', '2024-12-15', 'La Fouine', '200', 'Golden', 'Adult', 'BROUGHT-IN', 'Redeemed', 'Dog', 105, 2, 1),
(35148, 'Germ. Shepherd', 'F', '2024-12-15', 'Lainey (New name)', '100', 'Tan w/ black', 'Young Adult', 'BROUGHT-IN', 'Behavior', 'Dog', 109, 2, 6),
(35149, 'Shepherd X', 'F/S', '2024-12-17', 'Guin (was Rue)', '200', 'Black', 'Adult', 'HOLDING STRAY', 'Redeemed', 'Dog', 103, 1, 1),
(35150, 'Husky', 'F/S', '2024-12-18', 'Haku', '200', 'White', 'Adult', 'HOLDING STRAY', 'Redeemed', 'Dog', 99, 1, 1),
(35151, 'Toy Poodle', 'M/N', '2024-12-18', 'Bruno', '200', 'Brown', 'Senior', 'HOLDING STRAY', 'Redeemed', 'Dog', 143, 1, 1),
(35152, 'Germ. Shepherd', 'F', '2024-12-19', 'Lady', '200', 'Brown & Tan', 'Young Adult', 'VPD IMPOUND', 'Redeemed', 'Dog', 109, 3, 1),
(35153, 'Lab X', 'M/N', '2024-12-19', 'Kane', '200', 'Black w/White', 'Senior', 'HOLDING STRAY', 'Redeemed', 'Dog', 92, 1, 1),
(35157, 'Akita X', 'F', '2024-12-20', 'Sarah', '200', 'Golden w/white', 'Adult', 'VPD IMPOUND', 'Redeemed', 'Dog', 178, 3, 1),
(35158, 'Akita X', 'F', '2024-12-20', 'Miriam', '200', 'Golden w/white', 'Puppy', 'VPD IMPOUND', 'Redeemed', 'Dog', 178, 3, 1),
(35159, 'Akita X', 'M', '2024-12-20', 'Toby', '200', 'Red/Brown w/black', 'Adult', 'VPD IMPOUND', 'Redeemed', 'Dog', 178, 3, 1),
(35160, 'Standard Poodle', 'M/N', '2024-12-20', 'Ramen (new name)', '200', 'Golden w/white on chest', 'Young Adult', 'HOLDING STRAY', 'Sold', 'Dog', 180, 1, 3),
(35168, 'Labrador', 'F', '2024-12-25', 'Roxy', '200', 'Black', 'Adult', 'HOLDING STRAY', 'Redeemed', 'Dog', 96, 1, 1),
(35169, 'Husky', 'F', '2024-12-28', 'Hazel?', '200', 'Grey, brown, & white', 'Adult', 'HOLDING STRAY', 'Redeemed', 'Dog', 99, 1, 1),
(35172, 'Labradoodle', 'M/N', '2024-12-30', 'Murphy (was Turkey Bacon)', '200', 'White', 'Adult', 'VPD IMPOUND', 'Sold', 'Dog', 162, 3, 3),
(35178, 'Beagle', 'M/N', '2024-12-31', 'Yoshi', '200', 'Tan', 'Senior', 'HOLDING STRAY', 'Redeemed', 'Dog', 111, 1, 1),
(35179, 'Husky', 'F/S', '2024-12-31', 'Kala', '200', 'Grey', 'Senior', 'HOLDING STRAY', 'Redeemed', 'Dog', 99, 1, 1),
(35181, 'Lab X', 'M/N', '2025-01-02', 'Jed Barklet', '200', 'Black, brown & white', 'Adult', 'HOLDING STRAY', 'Redeemed', 'Dog', 92, 1, 1),
(35186, 'Shepherd X', 'F', '2025-01-11', 'Ping-K', '200', 'Black w/ white', 'Adult', 'HOLDING STRAY', 'Redeemed', 'Dog', 103, 1, 1),
(35193, 'Pit Bull X', 'F', '2025-01-14', 'Teiger', '200', 'Black w/ white', 'Adult', 'VPD IMPOUND', 'Redeemed', 'Dog', 140, 3, 1),
(35195, 'Shepherd X', 'F', '2025-01-15', 'Winnie', '200', 'Tan & White', 'Young Adult', 'BROUGHT-IN', 'Redeemed', 'Dog', 103, 2, 1),
(35196, 'Pit Bull', 'M/N', '2025-01-15', 'Hannibal', '100', 'Tan & White', 'Adult', 'SEIZED', 'Behavior', 'Dog', 93, 4, 6),
(35201, 'Husky X', 'M/N', '2025-01-20', 'Marty McFly (New name)', '12', 'White', 'Young Adult', 'HOLDING STRAY', 'Adoption Pending', 'Dog', 102, 1, 13),
(35204, 'Pit X', 'F', '2025-01-22', 'MJ', '200', 'White w/brown', 'Adult', 'VPD IMPOUND', 'Redeemed', 'Dog', 117, 3, 1),
(35207, 'Pug', 'F', '2025-01-22', 'NuiNui', '400', 'Beige & Brown', 'Adult', 'HOLDING STRAY', 'Ride Home Free', 'Dog', 113, 1, 2),
(35208, 'Bichon Frise', 'F', '2025-01-22', 'Munchie', '200', 'White', 'Adult', 'HOLDING STRAY', 'Redeemed', 'Dog', 130, 1, 1),
(35209, 'Lab X', 'F/S', '2025-01-22', 'Winnie', '400', 'Golden', 'Adult', 'BROUGHT-IN', 'Ride Home Free', 'Dog', 92, 2, 2),
(35211, 'Pit Bull', 'F/S', '2025-01-22', 'Lola', '100', 'Red', 'Adult', 'VPD IMPOUND', 'Transferred', 'Dog', 93, 3, 5),
(35212, 'Pit Bull', 'M/N', '2025-01-23', 'Bronx (new name)', '10', 'White & Brown', 'Adult', 'BROUGHT-IN', 'Adoptable', 'Dog', 93, 2, 7),
(35214, 'Germ. Shepherd', 'M/N', '2025-01-25', 'Mick (New Name)', '100', 'Brown & Tan', 'Senior', 'BROUGHT-IN', 'Transferred', 'Dog', 109, 2, 5),
(35215, 'Chihuahua', 'F', '2025-01-26', 'Xena', '200', 'Golden & White', 'Senior', 'BROUGHT-IN', 'Redeemed', 'Dog', 95, 2, 1),
(35217, 'Lab X', 'F', '2025-01-27', 'Chanel', '200', 'Black w/white on chest', 'Adult', 'HOLDING STRAY', 'Redeemed', 'Dog', 92, 1, 1),
(35218, 'Maltese', 'M', '2025-01-28', 'Chawii', '400', 'White', 'Adult', 'BROUGHT-IN', 'Ride Home Free', 'Dog', 116, 2, 2),
(35219, 'Maltese', 'F', '2025-01-28', 'Twiti', '400', 'White', 'Adult', 'BROUGHT-IN', 'Ride Home Free', 'Dog', 116, 2, 2),
(35223, 'Bird, Pigeon', 'M/N', '2025-02-05', '', '100', 'White, Brown & BLack', 'Adult', 'BROUGHT-IN', 'Health', 'Bird', 185, 2, 9),
(35224, 'Husky', 'F/S', '2025-02-06', 'Piper', '200', 'Grey & white', 'Adult', 'HOLDING STRAY', 'Redeemed', 'Dog', 99, 1, 1),
(35229, 'Shih Tzu X', 'M', '2025-02-07', 'E.T. (aka Alf)', '5', 'Black w/white on chest', 'Puppy', 'VPD IMPOUND', 'Hold', 'Dog', 129, 3, 8),
(35230, 'Shih Tzu X', 'F', '2025-02-07', 'Ewok', '9', 'Black', 'Puppy', 'VPD IMPOUND', 'Hold', 'Dog', 129, 3, 8),
(35231, 'Shih Tzu X', 'M', '2025-02-07', 'Noah (aka Alf & ET)', '7', 'Black w/white on chest', 'Puppy', 'VPD IMPOUND', 'Hold', 'Dog', 129, 3, 8),
(35232, 'Labradoodle', 'M', '2025-02-08', 'Benny', '200', 'Grey', 'Adult', 'HOLDING STRAY', 'Redeemed', 'Dog', 162, 1, 1),
(35233, 'Terrier X', 'M/N', '2025-02-10', 'Rally', '400', 'White', 'Adult', 'BROUGHT-IN', 'Ride Home Free', 'Dog', 104, 2, 2),
(35243, 'Pit X', 'M', '2025-02-14', '', '100', 'White', 'Young Adult', 'BROUGHT-IN', 'Transferred', 'Dog', 117, 2, 5),
(35244, 'Pit Bull', 'M', '2025-02-20', 'Diego', '200', 'Grey w/White', 'Puppy', 'VPD IMPOUND', 'Redeemed', 'Dog', 93, 3, 1),
(35245, 'Pit Bull', 'M', '2025-02-20', 'Egypt (Temp)', '200', 'Brown/White', 'Puppy', 'VPD IMPOUND', 'Redeemed', 'Dog', 93, 3, 1),
(35246, 'Pit Bull', 'M', '2025-02-20', 'Buju', '200', 'Grey/Orange Brindle', 'Puppy', 'VPD IMPOUND', 'Redeemed', 'Dog', 93, 3, 1),
(35247, 'Pit Bull', 'M', '2025-02-20', 'Whisky', '200', 'Tan w/grey & white', 'Puppy', 'VPD IMPOUND', 'Redeemed', 'Dog', 93, 3, 1),
(35250, 'Golden Retriever', 'M/N', '2025-02-25', 'IceCapp/Edward', '400', 'Golden', 'Adult', 'HOLDING STRAY', 'Ride Home Free', 'Dog', 108, 1, 2),
(35255, 'Rottweiler X', 'M', '2025-02-28', 'Shadow', '100', 'Black & Brown', 'Adult', 'VPD IMPOUND', 'Health', 'Dog', 128, 3, 9),
(35258, 'Samoyed', 'M', '2025-03-01', '(Polar Magic) King Asterion', '200', 'White', 'Adult', 'VPD IMPOUND', 'Redeemed', 'Dog', 135, 3, 1),
(35259, 'Samoyed', 'F', '2025-03-01', 'Urolochka', '200', 'White', 'Puppy', 'VPD IMPOUND', 'Redeemed', 'Dog', 135, 3, 1),
(35260, 'Samoyed', 'F/S', '2025-03-01', 'Arabella', '400', 'White', 'Adult', 'VPD IMPOUND', 'Ride Home Free', 'Dog', 135, 3, 2),
(35261, 'Samoyed', 'M', '2025-03-01', 'Max', '200', 'White', 'Adult', 'VPD IMPOUND', 'Redeemed', 'Dog', 135, 3, 1),
(35262, 'Jack Russell Terrier', 'M/N', '2025-03-01', '', '200', 'White w/ brown', 'Adult', 'HOLDING STRAY', 'Redeemed', 'Dog', 118, 1, 1),
(35263, 'Pomeranian', 'F', '2025-03-02', 'Stella', '200', 'White', 'Adult', 'BROUGHT-IN', 'Redeemed', 'Dog', 105, 2, 1),
(35264, 'Pit Bull', 'F', '2025-03-02', 'Bella', '200', 'Black', 'Puppy', 'VPD IMPOUND', 'Redeemed', 'Dog', 93, 3, 1),
(35265, 'Pitbull X', 'M', '2025-03-03', 'Zeus', '200', 'Tan & White', 'Adult', 'VPD IMPOUND', 'Redeemed', 'Dog', 123, 3, 1),
(35270, 'Rottweiler X', 'F', '2025-03-06', 'Luna', '400', 'Black & brown', 'Adult', 'HOLDING STRAY', 'Ride Home Free', 'Dog', 128, 1, 2),
(35272, 'Pit Bull', 'M', '2025-03-06', 'Charlie Brown', '43', 'Brown & White', 'Adult', 'SEIZED', 'Seized', 'Dog', 93, 4, 4),
(35273, 'Chihuahua X', 'F/S', '2025-03-06', 'Tia', '200', 'Black & tan', 'Senior', 'BROUGHT-IN', 'Redeemed', 'Dog', 134, 2, 1),
(35280, 'Shiba Inu', 'F', '2025-03-10', 'Abby', '200', 'Red', 'Senior', 'HOLDING STRAY', 'Redeemed', 'Dog', 119, 1, 1),
(35281, 'Labrador', 'M', '2025-03-11', 'Oscar', '200', 'Black', 'Senior', 'VPD IMPOUND', 'Redeemed', 'Dog', 96, 3, 1),
(35282, 'Pit Bull X', 'M', '2025-03-11', 'Sailor (new name)', '6', 'Tan & White', 'Puppy', 'BROUGHT-IN', 'Adoption Assessment', 'Dog', 140, 2, 14),
(35286, 'Yorkie X', 'F', '2025-03-12', 'Ella? (New name is Winnie)', '21', 'Tan, Brown & Grey', 'Adult', 'HOLDING STRAY', 'Impound', 'Dog', 132, 1, 10),
(35287, 'Pit Bull', 'F', '2025-03-13', 'Hashbrown? Bella?', '25', 'Grey', 'Adult', 'MEDICAL', 'Impound', 'Dog', 93, 9, 10),
(35288, 'Pit Bull', 'M', '2025-03-13', 'Jackson', '27', 'Grey', 'Adult', 'MEDICAL', 'Impound', 'Dog', 93, 9, 10),
(35289, NULL, 'M', '2024-12-04', 'ChummyWhiskers', NULL, 'Black & White', 'Adult', NULL, NULL, NULL, 182, 1, 7),
(35290, NULL, 'F', '2024-12-11', 'FluffyDummee', NULL, 'Orange', 'Adult', NULL, NULL, NULL, 183, 2, 13),
(35291, NULL, 'M', '2024-12-16', 'CrummyPaws', NULL, 'Gray', 'Adult', NULL, NULL, NULL, 182, 6, 8),
(35292, NULL, 'F', '2024-12-20', 'GrummyToes', NULL, 'Brown Tabby', 'Adult', NULL, NULL, NULL, 183, 4, 10),
(35293, NULL, 'F', '2025-01-05', 'Snummy', NULL, 'White', 'Adult', NULL, NULL, NULL, 182, 5, 7),
(35294, NULL, 'M', '2025-01-11', 'TummyHunter', NULL, 'Calico', 'Adult', NULL, NULL, NULL, 183, 7, 5),
(35295, NULL, 'F', '2025-01-20', 'BummyMeow', NULL, 'Black', 'Adult', NULL, NULL, NULL, 182, 8, 14),
(35296, NULL, 'M', '2025-01-29', 'ZummyCat', NULL, 'Gray & White', 'Adult', NULL, NULL, NULL, 183, 26, 7),
(35297, NULL, 'F', '2025-02-07', 'DrummyWhiskers', NULL, 'Tortoiseshell', 'Adult', NULL, NULL, NULL, 182, 27, 10),
(35298, NULL, 'M', '2025-02-14', 'YummyTrouble', NULL, 'Orange Tabby', 'Adult', NULL, NULL, NULL, 183, 28, 7),
(35299, NULL, 'F', '2025-02-20', 'Snuggle', NULL, 'Gray', 'Adult', NULL, NULL, NULL, 182, 3, 5),
(35300, NULL, 'M', '2025-02-26', 'RummyZooms', NULL, 'Black & White', 'Adult', NULL, NULL, NULL, 183, 2, 14),
(35301, NULL, 'F', '2025-03-02', 'Lommo', NULL, 'Calico', 'Adult', NULL, NULL, NULL, 182, 1, 7),
(35302, NULL, 'M', '2025-03-04', 'Plumby', NULL, 'White', 'Adult', NULL, NULL, NULL, 183, 6, 8),
(35303, NULL, 'F', '2025-03-07', 'JummyTail', NULL, 'Brown Tabby', 'Adult', NULL, NULL, NULL, 182, 4, 13),
(35304, NULL, 'M', '2025-03-09', 'Ninja', NULL, 'Gray', 'Adult', NULL, NULL, NULL, 183, 5, 7),
(35305, NULL, 'F', '2025-03-13', 'Wummy', NULL, 'Orange', 'Adult', NULL, NULL, NULL, 182, 7, 10),
(35306, NULL, 'M', '2025-03-16', 'Flip', NULL, 'Black', 'Adult', NULL, NULL, NULL, 183, 8, 7),
(35307, NULL, 'F', '2025-03-18', 'Spark', NULL, 'Tortoiseshell', 'Adult', NULL, NULL, NULL, 182, 26, 5),
(35308, NULL, 'M', '2025-03-20', 'Gloom', NULL, 'White & Gray', 'Adult', NULL, NULL, NULL, 183, 27, 7);

-- --------------------------------------------------------

--
-- Table structure for table `sources`
--

CREATE TABLE `sources` (
  `source_id` int(11) NOT NULL,
  `source_name` varchar(50) NOT NULL
) ENGINE=InnoDB DEFAULT CHARSET=utf8mb4 COLLATE=utf8mb4_general_ci;

--
-- Dumping data for table `sources`
--

INSERT INTO `sources` (`source_id`, `source_name`) VALUES
(2, 'BROUGHT-IN'),
(6, 'COMPLAINT'),
(1, 'HOLDING STRAY'),
(9, 'MEDICAL'),
(8, 'OTHER'),
(7, 'OWNER-SURRENDERED'),
(26, 'POLICE-DAY'),
(27, 'POLICE-EMERGENCY'),
(28, 'POLICE-NIGHT'),
(4, 'SEIZED'),
(5, 'SPCA'),
(3, 'VPD IMPOUND');

-- --------------------------------------------------------

--
-- Table structure for table `statuses`
--

CREATE TABLE `statuses` (
  `status_id` int(11) NOT NULL,
  `status_name` varchar(50) NOT NULL
) ENGINE=InnoDB DEFAULT CHARSET=utf8mb4 COLLATE=utf8mb4_general_ci;

--
-- Dumping data for table `statuses`
--

INSERT INTO `statuses` (`status_id`, `status_name`) VALUES
(7, 'Adoptable'),
(14, 'Adoption Assessment'),
(13, 'Adoption Pending'),
(6, 'Behavior'),
(12, 'Court Ordered'),
(16, 'Escaped'),
(9, 'Health'),
(8, 'Hold'),
(10, 'Impound'),
(11, 'Owner Request - Signed Over'),
(17, 'Passed Away'),
(1, 'Redeemed'),
(15, 'Released (Wildlife)'),
(2, 'Ride Home Free'),
(4, 'Seized'),
(3, 'Sold'),
(5, 'Transferred');

--
-- Indexes for dumped tables
--

--
-- Indexes for table `animaltype`
--
ALTER TABLE `animaltype`
  ADD PRIMARY KEY (`type_id`),
  ADD UNIQUE KEY `type_name` (`type_name`);

--
-- Indexes for table `breeds`
--
ALTER TABLE `breeds`
  ADD PRIMARY KEY (`breed_id`),
  ADD UNIQUE KEY `breed_name` (`breed_name`),
  ADD KEY `fk_breeds_type` (`type_id`);

--
-- Indexes for table `pets`
--
ALTER TABLE `pets`
  ADD PRIMARY KEY (`animal_id`),
  ADD KEY `fk_breed` (`breed_id`),
  ADD KEY `fk_source` (`source_id`),
  ADD KEY `fk_status` (`status_id`);

--
-- Indexes for table `sources`
--
ALTER TABLE `sources`
  ADD PRIMARY KEY (`source_id`),
  ADD UNIQUE KEY `source_name` (`source_name`);

--
-- Indexes for table `statuses`
--
ALTER TABLE `statuses`
  ADD PRIMARY KEY (`status_id`),
  ADD UNIQUE KEY `status_name` (`status_name`);

--
-- AUTO_INCREMENT for dumped tables
--

--
-- AUTO_INCREMENT for table `animaltype`
--
ALTER TABLE `animaltype`
  MODIFY `type_id` int(11) NOT NULL AUTO_INCREMENT, AUTO_INCREMENT=4;

--
-- AUTO_INCREMENT for table `breeds`
--
ALTER TABLE `breeds`
  MODIFY `breed_id` int(11) NOT NULL AUTO_INCREMENT, AUTO_INCREMENT=186;

--
-- AUTO_INCREMENT for table `sources`
--
ALTER TABLE `sources`
  MODIFY `source_id` int(11) NOT NULL AUTO_INCREMENT, AUTO_INCREMENT=29;

--
-- AUTO_INCREMENT for table `statuses`
--
ALTER TABLE `statuses`
  MODIFY `status_id` int(11) NOT NULL AUTO_INCREMENT, AUTO_INCREMENT=18;

--
-- Constraints for dumped tables
--

--
-- Constraints for table `breeds`
--
ALTER TABLE `breeds`
  ADD CONSTRAINT `fk_breeds_type` FOREIGN KEY (`type_id`) REFERENCES `animaltype` (`type_id`) ON DELETE SET NULL;

--
-- Constraints for table `pets`
--
ALTER TABLE `pets`
  ADD CONSTRAINT `fk_breed` FOREIGN KEY (`breed_id`) REFERENCES `breeds` (`breed_id`) ON DELETE SET NULL,
  ADD CONSTRAINT `fk_source` FOREIGN KEY (`source_id`) REFERENCES `sources` (`source_id`) ON DELETE SET NULL,
  ADD CONSTRAINT `fk_status` FOREIGN KEY (`status_id`) REFERENCES `statuses` (`status_id`) ON DELETE SET NULL;
COMMIT;

/*!40101 SET CHARACTER_SET_CLIENT=@OLD_CHARACTER_SET_CLIENT */;
/*!40101 SET CHARACTER_SET_RESULTS=@OLD_CHARACTER_SET_RESULTS */;
/*!40101 SET COLLATION_CONNECTION=@OLD_COLLATION_CONNECTION */;
